"","ENSG00000005381","ENSG00000049768","ENSG00000073712","ENSG00000075131","ENSG00000094963","ENSG00000096696","ENSG00000100448","ENSG00000100985","ENSG00000103037","ENSG00000115423","ENSG00000117519","ENSG00000117643","ENSG00000124107","ENSG00000128596","ENSG00000133063","ENSG00000134121","ENSG00000137103","ENSG00000152583","ENSG00000155275","ENSG00000156042","ENSG00000159899","ENSG00000165138","ENSG00000172232","ENSG00000175445","ENSG00000178038","ENSG00000179593","ENSG00000184206","ENSG00000196081","ENSG00000196533","ENSG00000196634","ENSG00000197457","ENSG00000198178","ENSG00000198610","ENSG00000211786","ENSG00000211793","ENSG00000213160","ENSG00000228486","ENSG00000229391","ENSG00000229807","ENSG00000230063","ENSG00000232021","ENSG00000237702","ENSG00000239219","ENSG00000239961","ENSG00000254977","ENSG00000256862","ENSG00000266088","ENSG00000268632","ENSG00000269161"
"VU280-GBM",-0.774494323147262,-1.3882340915912,-1.40414710100059,-0.567796273714185,-1.44618472426207,-1.3132139452722,-1.38989967720706,-1.1421107403994,-1.44310301583577,-1.00722538685694,-1.32275047809333,-0.387841709070458,-0.630127367967567,-1.48134337684987,-1.47348343069874,-1.52922640903168,-1.0335556004202,-1.29660714091534,-1.26110773641653,-1.32110054783191,-1.50678224460598,-1.53835159761295,-1.32774735596186,-0.778453470711728,-0.940416450675884,0.0418382514020698,-1.41305839462647,-1.41819696790425,-1.43566910555655,-1.50787723110133,0.591359796442422,-0.982615735051426,-0.983149535065576,-1.24390900289567,-0.815461171706968,-1.37334571500363,-1.38559110050764,3.08405338291695,-0.83423999238035,-1.65579534095025,-1.15608986965017,-1.04195378290277,-1.30230163950709,-0.966076983554629,-1.49189919398764,-0.286745172964062,-0.899800847092493,-1.23760018718487,-1.36070336729371
"VU284-GBM-vIII",-0.925366507310139,-1.46342391962678,0.278399022202615,-0.681965407924047,0.189907378453685,-1.37430663082387,-0.899196095012228,-0.669363260940874,-1.49575289157202,-1.62483333225344,-1.38630298284185,-0.40957711928798,-0.785417727248614,-1.56673901410068,-1.52455024115796,-1.59599313116094,-1.09155142297147,0.246640707789903,-1.3216091933885,-1.37413193602008,-1.56944099001228,-1.59157837122806,-1.42343157592121,0.365316270719813,-1.0599256133347,0.318507807260693,-1.51269573635124,-1.48727666439551,-0.682668992131235,-1.54460307378515,-1.38333087602117,-1.05334996332799,-1.07067779565971,-1.28222062095601,-0.896342283732542,-1.46918928295312,-1.45084491204962,-0.671983289815476,-0.977113211986318,-1.7619580425933,-1.20869133474211,-1.08496389303826,-0.741792072561247,-1.00342243635165,-1.58297555860419,-0.481233227101242,-0.99147173019194,-1.3004731662285,-1.44016394704302
"VU306-GBM-vIII",1.72253785263317,-1.46784550837715,0.500096496284583,-0.704004633981481,-1.51009319677815,-1.38429383613483,-1.47561194147399,-1.23285938033901,-1.5013037862411,-1.63061170449156,-1.39672378300925,-0.413216060975256,3.30106151262326,-1.57386779823409,-1.53186219672015,-1.5994527571941,-1.10228100482464,-1.38420352711809,-1.3286807811524,-1.38252419637195,-1.57871063745468,-1.59711263177461,-1.43441258322752,-1.47105727653098,-1.07770393801118,-1.44875857166876,-1.51983786855102,-1.49220539824682,0.632868544655264,-0.0552655989663109,-1.39056345148548,-1.06670449978219,2.84893807935343,-1.28829494765584,-0.911632819143185,-1.47723668356291,-1.45855287041231,-0.716198473042962,-1.00564373309815,-1.76767564878309,-1.21793274119378,-1.09270781902814,-1.36161590904242,-1.01005946874899,-1.58749289825591,-0.96842095414988,-1.0073254855735,-1.31095073294334,-1.44759533850344
"VU360-GBM-WT",-0.24070855893251,-1.11172379833546,-1.00535005647712,-0.113236032441488,-1.07307775860059,-0.925413986105708,-0.973281864101147,-0.716998853279039,-1.11695303365177,-1.22603484422439,-0.922529736467822,-0.264726259305692,2.62866541855862,-1.13476170034643,-1.1068442786001,-1.27192474936981,-0.636462800558988,-0.880555877511178,-0.912164350297108,-0.949072666775323,-1.11343778595278,-1.2087866374015,-0.922112920314104,-1.02844799205536,-0.474371292167908,-0.830301103554335,-1.07917514914388,-1.12013180301287,-1.0588731058884,-1.19688883342736,-0.972314578789523,-0.572208786406594,-0.521025599283748,-0.906936397858729,-0.397001201362877,-1.01923651791152,-0.996434343236137,0.108908438996913,-0.2846589256947,-1.35372074501527,-0.774591683474638,-0.682079125955059,-1.03595753070646,-0.634362083519313,-1.21912010350021,-0.523996740323114,-0.444806622526248,-0.828128753685731,-1.01022979049901
"VU372-GBM-vIII",2.07814524158665,-1.41716666978121,-1.42281949658369,-0.597213136003309,-1.46218595893825,-1.33206519571121,-1.41093796624878,1.0327345304838,-1.46746070122333,-1.58471276566458,-1.34207947614903,-0.393930202246065,1.58515693088985,-1.51760785487922,-1.48803973664384,-1.55614909714912,-1.04886262308759,0.970735215178473,-1.2917244508356,-1.33774870255459,-1.52387962571317,-1.56099197638971,-1.37019080313982,-1.42102874337805,-0.989180957160766,-1.28591020395472,-1.447994175832,-1.44938493413653,-1.45237856631753,-1.51846684801412,-1.35111465128004,-1.0010643113506,1.01075047799295,-1.25720983425189,-0.836545245078167,-1.41039783307142,-1.41944607010277,-0.511299013832436,-0.870331489961252,-1.68740283289276,-1.17182121179011,-1.05348906441245,-0.353730509117039,-0.976171225046487,-1.52044135880618,-0.917153284795131,-0.929346801949072,-1.25872991726734,-1.39737507323548
"VU378-GBM",3.95933615026974,-1.48107926277798,0.15869717703106,0.769412681753765,-0.708154301460162,-1.41562044055688,1.270949627957,-0.549405742475984,-1.51818461488494,-1.64827187040307,-1.4294614152485,-0.4237886316,2.26935155889847,-1.59579865076871,-0.605812617885906,-1.60977236416344,-1.13552731806595,-1.42522323901301,-1.35024127884876,-1.40854304322544,-1.60790369835835,-1.61402520025881,0.566169789973639,-1.49899653112184,-1.1340426943152,-1.49946309904669,-1.54168834828217,-1.20127280104789,-1.14178791801387,-0.763775473720971,-1.41274998920971,-1.10870082620034,-0.668507737215942,-1.30670874214784,-0.959791760577103,-1.50199253916339,-1.48191150717244,-0.866705500032781,-1.09956340518599,-1.7845239337901,-1.24648979546897,-1.11625608574611,0.521299059082918,-0.726448126744211,-1.6010558700319,-0.999885081010188,-1.05715411477396,-1.34360841820098,-1.47037991476778
"VU383Platelet-hiseq",1.85221232328549,-1.4771763782555,-1.50126965658006,-0.752992683700331,-1.52804971853604,-1.40614330312224,1.12963279232072,-1.25970237348351,-1.5131630837466,-1.64300445382103,-1.41954879906062,-0.420719871017316,4.8223470635894,-1.58923395953086,-1.54769489305547,-1.60673446790223,-1.12553501089708,-1.41269729969823,-1.34381852246564,-1.40072152457615,-1.59905338825392,-1.60898105607277,-1.45840864933353,-1.49055271058899,-1.11689775040537,-1.4840354231186,-1.53516731414194,-1.50266181600344,-1.52151372482861,0.401386538461027,-1.40611887342054,-1.09597551187842,-1.12456559686062,-1.30124044419176,-0.945185258216611,-1.49458218711636,-1.47497776110486,-0.819006289084955,-1.07036350203129,-1.77950369043698,-1.23792010351213,-1.10925089154429,-1.3695919374639,-1.02414469114457,-1.59704916073709,-0.990465799431324,-1.04205909994698,-1.33376188956386,-1.46357200060613
"VU393-GBM-vIII",-0.510717068743135,-1.23868806895432,1.23577663222808,-0.359946300313292,0.494580006583726,-1.11775648171257,-1.17827195406901,-0.912196001436276,-1.26671018776265,-1.37512747312482,-1.11573225404227,-0.347809028961309,-0.366224768215476,-1.29390040454802,-1.27628560987508,-1.39006905844179,-0.828392688182638,-1.09080970730211,-1.0723874724973,-1.12841957503943,-1.29972593569487,-1.3601118351079,-1.10836667475313,-1.21438927714467,-0.68836362832549,-1.01968537972306,-1.23248315889434,-1.25699334914823,-1.2427875547045,-1.34374694758291,-1.13816535871544,-0.783178140453569,-0.74224027206795,-1.06293359184711,-0.616893874574842,-1.18183160758743,-1.17512209934682,-0.188351049804786,-0.543012063025429,-1.49242328767214,-0.958026539485634,-0.850684138981835,-0.20320135666058,-0.795872190850634,-1.34437113070801,-0.713906343622089,-0.653724739742297,-1.01614432909649,-1.17115552503492
"VU394Platelet-hiseq",-0.989422054622885,-1.47248986926033,-1.48989659671002,-0.727939956091542,0.822215933843477,-1.39503252040754,-1.48868607268764,-1.24605931254605,-1.50718146342482,-1.63674558109275,-1.40793714763327,-0.416980624553952,-0.850695336957771,-1.5814599034463,-1.53967236118283,-1.60308044821788,-1.11374771778069,0.818894161800331,-1.33617809332918,-1.39149623520104,-1.58869801752585,-1.60298714194186,-1.44621090066297,-1.48064363367377,-1.09691247360087,-1.46604747366043,-1.52742315833987,-1.49740044371831,-1.5118191294232,-1.55428522024456,-1.39825496495322,-1.0810802437175,-1.10562337397876,-1.29471642485959,-0.928104052590973,-1.48580679568387,-1.46670134638586,-0.0767890123375752,-1.03703039206776,-1.77353289588963,-1.22779603316755,-1.10090690053977,-1.36559331367962,-1.01705645138752,-1.59224545583654,-0.979312878584178,-1.02438640640579,-1.32218118801773,-1.45549625156528
"VU398-GBM",2.24183712778623,-1.0056377530758,-0.0795668668176298,0.0929047701315382,-0.92318297181553,-0.76470062482031,-0.802000700856459,-0.553900263470826,-0.396682812888297,-1.10145926638413,-0.76109777672216,-0.0924958072757519,0.128780463071142,-1.00179204129036,-0.965266174375362,-1.17320829584875,-0.476094197282828,0.813361107786856,-0.778288596823125,-0.799217875860153,-0.957783183374052,-1.08234561825054,-0.766487057015019,-0.87308321510295,-0.295568227745307,-0.672059506960491,-0.951077375008054,-1.00577600742682,-0.905201868729241,-1.07418032284313,-0.833736589408651,-0.395931599661558,-0.336187851823806,-0.776591653615597,-0.213268061567507,-0.883378847416671,-0.847130312348497,0.363257174462221,-0.0687898273550656,-1.23782668957585,-0.621321174046055,-0.541199814352043,-0.933771847677535,-0.499410978986305,-1.11446557292701,-0.365316202305469,-0.270243363662051,-0.671030786318021,-0.875766963483131
"VU402-2-GBM",2.40762937646573,-1.46984815786715,-0.286408654754592,-0.714222349605338,-1.51388150373592,-1.38889225108481,-1.48119672208311,0.358097269432798,-1.50383222980084,-1.63324840856016,-1.4015243609143,-0.414846567785606,1.62542980178333,-1.57712816111071,-0.322834953918541,-1.60101780873898,-1.10720008302333,0.0320474034072952,-1.33190473584777,-1.38637273865925,-1.5829847767118,-1.59963787757765,-0.926544928470102,-1.47516329705794,-1.08591696712665,-1.45615053572695,-1.52309798619676,-1.49444321510747,-1.5064567056672,-0.215875936979574,-1.39386791274597,-1.07285807947566,1.74555926919411,-1.29105863776222,-0.918681811970287,-1.48091707058116,-1.46205995008909,-0.73709972024707,0.369082531191033,-1.77019411692303,-1.22216566899336,-1.09623493284215,-0.210353468033233,-1.0130732904443,-1.58954123892165,-0.973098512607814,-1.01462907470727,-1.31576424020132,-1.45099002443083
"VU406-2-GBM",1.84548562178524,-1.47504800553357,-1.49606465677852,-0.741496912130816,-1.52388381209069,-1.40106199421482,-0.69571839681877,-0.228334931082617,-1.51044012458852,-1.64015319426346,-1.4142371627765,-0.41902907187519,0.655370869264074,-1.58568897204841,-0.0668869097177147,-1.60507582739107,-1.12015401226367,-1.40602405441334,-1.3403390817639,-1.39650986986709,-1.59431479541511,-1.60625054194249,-1.45283139544541,-1.48602223074697,-1.10774310970428,-1.47579601615944,-1.53163886747432,-1.50026994820858,-1.51708151855422,-1.55704396162601,-1.40253441470382,-0.0922687468130509,0.630969361918659,-1.29827195098691,-0.9373681022788,-1.49058058678453,-1.47121232868221,-0.79426424363374,-1.05500464836958,-1.77678440977801,-1.23330032891961,-1.10545249643463,-0.850543464471097,-1.02092203764615,-1.59486655854856,-0.985379928689981,-1.03397387547916,-1.32847059422421,-1.45989127052557
"VU408-GBM",0.291241873725298,-1.03136900105202,-0.894029687746801,1.22239817926949,-1.49188938397038,-1.3622744177733,-0.496331260304956,-1.20574507638663,-1.48895785360309,-1.61708441067698,-1.37375791312675,0.1528469770019,-0.0306983581530788,-1.55806508409145,-1.51568091521798,-1.59171390410656,-0.544183249569002,-0.39994918154879,-1.31296369668012,-1.36396106534041,-1.55829756752713,-1.58482143031668,-1.41019101808165,-1.45137612915897,-1.03860645309496,-1.37535540429096,-1.5039802896125,-1.48121389977582,-1.48317615711556,-0.842761845666602,-1.37451704469692,-1.0372765466201,0.81151744555619,-0.824502962137059,-0.301551957414933,-1.45939699593672,-1.44139542695803,-0.620644983633281,-0.943502185889157,-1.75163800765694,-0.352239755802635,-0.284812013217357,-0.963486398042164,-0.99525935232903,-1.57740793578331,0.339866299762086,0.556024859670715,-1.28780810373259,-1.43110543980543
"VU417-GBM-vIII",-0.930633120903258,-1.46420404623014,-1.47053712010062,-0.685803877568747,-1.50329210059573,-1.37605259168772,-1.46565296203695,-1.2227192340855,-1.49672915273666,-1.62584859381698,-1.38812421523975,-0.41022307099107,-0.790799661154153,-1.5679899417147,-1.52583182112515,-1.59660394990286,-1.09343170077358,-1.37358688896905,-1.32285230098744,-1.37560236782415,-1.57106019256936,-1.59255075593078,-1.42535186418429,-1.46369480905518,-1.0630279783726,-1.42393894509994,-1.5139503737471,-1.48814507496966,-1.49523346637073,-0.709986915671569,-1.38460074738031,-1.05568366505702,2.24178768833858,-1.2832896356771,-0.899013636981736,-1.47060143380859,-1.45220134589787,0.832232183108118,-0.982057772323109,-1.76312360774965,-1.21031163733,-1.08632592655616,-0.129192014486621,-1.0045917684536,-1.58377206872032,-0.959987230569684,-0.994242529493109,-1.30230714062829,-1.44146885654308
"VU418-GBM",-0.828359725866347,-1.42944062039833,-1.4307633780044,-0.609467524994164,-1.46898566666801,-1.34007835646616,-1.41990209795487,-1.17931263998205,-1.47247452244598,-1.59781853548366,-1.3502949868081,-0.396362943342705,-0.685816700839161,-1.53299218770861,-1.49421583001814,-1.56757040023048,-1.0551679037728,-1.32860652356263,-1.29724366447413,-1.34481195433751,-1.53115603714856,-1.56592710121462,-1.38439175031802,-1.42829944410419,-1.00090937301504,-1.30421845116492,-1.46281484098223,-1.46261567890007,-1.45948379581105,-1.52294954651677,-1.35737548403909,-1.00870738613939,-1.01519176034524,-1.26116564005588,-0.845281578595202,-1.42611630324842,-1.42415250943378,-0.533730047448585,-0.885505765223515,-1.70081155135143,-1.17727634015406,-1.05820318015984,-1.34199316803095,0.0766133103387288,-1.53254968593789,-0.923248482542058,-0.938434156131818,-1.26516078411673,-1.41203533981834
"VU419-GBM",2.70052235420846,-1.39783814110032,-0.133861079741231,-0.577640165353221,-1.4514910372622,-1.31946452370802,0.897517322714114,1.39782433121483,-1.45443120380089,-1.56201550493315,-1.32915970654685,-0.389918812466949,4.42832934706183,-1.49338122014641,0.120989896941572,-1.53816328385494,-1.03870420846739,0.893409616628774,-1.27322760912257,-1.32662562317588,-1.51244798770322,-1.54979839822595,0.915875002151301,-1.40959881557131,-0.956603626650751,-1.25707910528581,-1.42465518251498,-1.42854968413355,-1.4412085909007,-1.51139545774784,-1.34123663550062,-0.988804605953454,4.22659653672888,-1.24833328857584,-0.822533772447281,-0.793412845434455,-1.39910770677801,1.71668982786038,-0.846266061773641,-1.66628731700164,-1.16220241986004,-1.04584800969635,-1.31155258628836,-0.969490971784444,-1.50137364739495,-0.907309450249166,-0.914765811241634,-1.24562699488894,-1.37287638820929
"VU421-GBM",-0.809792026137358,-1.41517756782247,-1.4215332317543,0.521951109409541,0.42746487812399,-1.33076733979523,-1.40948726562115,-1.17106532190721,-1.46664704279734,-1.58237698695508,-1.34074880243326,-0.393527656908481,-0.666651185372021,-1.51511468804814,-1.48703878756008,-1.55429817424425,-1.04783002536574,0.974580921473737,-1.29072616940354,-1.33660395441081,-1.52270157890292,-1.5601915383465,-1.36727283491167,-0.059857761045768,-0.985828418899951,-1.28294319100812,-1.44559235632011,-1.44724077524705,-1.4512279007066,-1.51773977850695,-1.35009909404161,0.688211284963723,0.121817836620365,-1.25629814089916,-0.835117448395058,-1.40785051633594,-1.41867319299734,-0.5076627965496,-0.867864112568256,-1.68522983179619,-1.17092756340165,-1.05271494550206,-1.32825451120787,-0.97549556898072,-1.51847909759412,-0.916154005109801,-0.927861329248848,-0.624847609910476,-1.39485390966547
"VU422-GBM",-0.917581916865581,-1.4622591782649,-0.599387576408666,-0.676272937317522,-0.30600201699348,-1.37171244159667,-1.46043341868507,-0.65880720502529,-1.49429776943759,-1.62332087142218,-0.519285549556599,-0.408609574146573,-0.083283059349802,-1.56487672371723,-1.52264348104106,-1.59508083897359,-1.08875411536444,0.262316206858347,-1.31975680337547,-1.37194457466178,-1.56703617361919,-1.5901297753859,-1.42057789796844,-1.45981565550994,-1.0553202887372,-1.40836034160243,-1.51082685319964,-1.4859810562059,-1.4914368366363,-1.54336960210195,-1.38143980776325,-0.507397760257047,0.405258360241229,-1.28062669809146,-0.892374372809277,-1.46708694866635,-1.44882254943957,-0.660744920383895,-0.969798914320687,-1.75970215080517,-1.20628017037598,-1.08293370352616,-1.35681255656291,-0.586939965449695,-1.58178676136695,-0.955519596828723,-0.987355312988169,-1.29774641609306,-1.43822059930082
"VU425-GBM",-0.953395853568307,-1.46750349198502,-0.972897038934513,1.05043652954684,-1.50944967127113,-1.38351326730766,-0.935662679853975,-1.23189934372441,-1.50087287401076,-0.927265814955621,-0.347572418362313,-0.412936501442754,0.805577865720185,-1.57331297932999,-1.53129237864378,-1.59918535557317,-0.624632288954427,-0.0826680115741728,-1.32813151562928,-0.923796336485766,-1.57798549519033,-1.59668253922469,-1.43355463471667,-0.99420428677783,-1.07631155828297,0.923395723169454,-1.51928269229545,-1.49182356301756,-1.50175650206217,-0.743195268585135,-1.39000091749621,-0.226092287043608,0.778941585237006,-0.891222046921055,-0.0540445956360322,-1.47661038320147,-0.0515492885890864,0.00256444965337244,0.411464847727993,-1.767246615102,-1.21721282548057,-1.09210669485806,-1.36132243170157,-1.0095452513724,-1.58714322397507,-0.967624941000535,-1.00608599747578,-1.31013298307777,-1.44701740646913
"VU429-1-GBM-vIII",2.14809871717491,-1.37432333404065,-1.39520285763032,-0.553407432398058,-1.43851059461105,-1.30417567782085,-0.00263480682821493,0.901242446504604,-1.42669497086263,-1.53440234742417,-1.31348243995826,-0.384732284904957,-0.611131019941251,-1.46390744845627,0.0257360137287235,-1.51628200481885,-1.02523503588917,-1.28587186500098,-1.24355299447178,-1.31310243460403,-1.49859564846077,-1.52177175096537,-1.30734058476361,-1.39573590201282,-0.916970519852556,-1.22200360969533,-1.39626130246975,-1.40320182181313,-1.42766076523776,-0.456507796914331,-1.31534287795279,-0.973543078409982,0.544329175567899,-1.2295845768542,-0.805093362044108,-1.35553108998853,-1.36601329298438,-0.432985026010868,0.0483310354847566,-1.64059848727527,-1.14723381679477,-1.03080399101032,-1.28890232522148,-0.402392245829655,-1.47817614683468,-0.894941671730748,-0.87691086975995,-1.2170003832202,-1.34307164408638
"VU430-GBM",-0.539557455089705,-1.48558740589174,0.025015003828061,-0.800553020855288,-1.54494895464772,-1.42683771819835,-1.1160801560413,-0.404240313912256,-1.52403175497261,-1.65442074964871,-1.44120449211883,-0.427282505449074,0.882026226955472,-1.60348841733054,-0.676128196468322,-1.61327546327546,-1.14728044257626,-1.02693537552214,-1.35773054995878,-1.41774306551034,-1.61839978491936,-1.61991305880299,-1.481103592887,-0.908385508578418,-1.15446406477391,-0.1893981084867,-1.54930512507676,-1.51215458954226,-1.53953731325688,-0.556409560202452,-1.42050649794359,-1.12379035421648,-0.0144751327532386,-1.31306624843651,-0.977130684752457,-1.51067324169982,-1.14483703210748,-0.926124605477077,-0.583124242187218,-1.79037859978392,-0.916923565973517,-1.12441420532328,-0.676768134347583,-1.03694026207033,-1.60569107275087,-0.678475429116435,-1.0750509176603,-1.35522526194903,-1.4783410295415
"VU431-1-GBM-vIII",-0.243433442624102,-1.46522426392766,-1.4728721000472,0.754136137385167,-0.506236783317976,-0.0147360010776798,-0.576775008589648,0.889256263000228,-1.08206239332378,-1.62717904084601,-1.39051704548569,0.570683400774886,0.300344268750579,-1.56963024337872,-0.265215430385703,-1.59740248505658,-1.09589884013331,-0.822586475665489,-1.32448092129427,-1.37753190982624,-1.57318813351683,-0.897340775203486,-0.884198182440009,-1.46574430843805,0.668409947072889,-1.43228236542348,-1.04152475344606,-1.48928151536798,-1.49723928032676,-1.54651426047838,-1.38626541816653,0.0484781039863051,-0.494921385121848,-0.87498831850337,0.872288141555267,-1.47245312247592,-0.620323503496883,-0.689680869987938,-0.98858053497478,-1.76439541996493,-1.21243714014152,-0.360423458894129,-0.758162431778624,-0.608059793140133,-1.58481404132364,-0.185397965428052,0.436960688283748,-1.30471489950272,-1.44317937510678
"VU436-1-GBM-vIII",1.32162905734517,-1.14357542259172,-1.05363941890126,-0.175128427160978,-0.405162479898635,-0.973667095966615,-0.210071159188398,0.623396725995618,-1.15452272612648,-1.26343782674827,-0.970998600701436,-0.314669229212751,1.89157134876835,-1.17468494951055,0.301230621478505,-1.30156370308674,-0.684612399137686,0.823390571255287,-0.315628185759057,-0.994065563640768,-1.16017203740839,-1.24674970617947,0.858153464986111,-1.07509522530864,-0.528055714185128,-0.877812082628746,-1.11763564750492,-1.15446636439291,-1.10501186516638,-1.23373124151797,-1.01392169155487,-0.625134830575846,-0.576521894447347,-0.946071533938591,-0.45216584547664,-0.413869141242924,-0.331151410183631,3.10888196788552,-0.34947217603336,-1.38851715860912,-0.820610126936607,-0.724377195297517,-0.580628960424133,-0.674880248411145,-1.25054192506378,-0.571639508618876,-0.497218071333508,-0.128116865958269,0.22254636945319
"GBM-438",1.18894776093756,-1.30109728497203,0.884638401417256,-0.475523028190701,-1.34065393539795,-1.21230232755727,-1.27903471782874,-1.00814505014114,-1.340323232878,-1.44841387124565,-1.2107008432028,-0.366318432926967,0.94639566208061,-1.37212494534903,-1.35957440123603,-1.44814282730761,-0.922735716804584,-1.19415985941982,-1.15114505835737,-1.21657744721408,-1.39129577122517,-1.43449565117323,-1.19991960329151,-1.30578861154944,-0.793551441151078,-1.11277711446198,-1.30784162510791,-1.32426756539543,-0.0175206456101178,-0.862386116797745,-1.21968921657444,-0.886880008118056,-0.850978220411869,-1.13961392506467,-0.724981994770444,-1.26175513272991,-1.26295596565012,-0.299895254820798,-0.670005402788949,-1.56060244472701,-1.04819384008263,-0.933561838576909,-1.21836850693017,-0.875262393530124,-1.40593820288785,-0.807256302617274,-0.756418323092924,-0.41271100507582,-0.200962029223741
"VU439-1-GBM-vIII",-0.167760921979792,-1.45911328934776,-1.45907805853055,0.342772744631322,-1.49396528445521,-1.36477925809619,-0.261157971903084,0.540065829470629,-1.49038207928618,-1.6192555572087,-1.37636868960138,-0.405977516033389,-0.756391931500587,-1.55987841743983,-1.51753264060467,-1.59261483402226,-1.08125727466845,-1.35917293618903,-1.31477480133146,-1.36608376703473,0.562149199419893,-1.58623607007376,-0.000901712005911492,-0.92816523089545,1.14376991744323,-1.38400493093673,-1.50580456848086,-1.48248729328967,-0.244334875722224,-1.54004963441133,-1.37636085942869,-1.04062146869829,-1.05476582760173,-1.27633422129907,0.0489120358876353,-1.46144419824693,-1.44337714543525,-0.631171483558571,-0.950434714125367,-1.75375731965222,-1.19981460939637,-1.0774700277438,-1.3540984210121,-0.996973827631378,-1.57857831274658,-0.446146710649117,-0.976356344861598,-1.29044847245045,-1.4330006508098
"GBM-440",6.26893414964595,-0.503117280359524,-1.45315377867635,-0.0177927396759067,-1.48912386529343,-1.35893982370678,0.873240288059721,0.251131010650815,-0.726041467127243,-1.61401061785003,-0.457605175667166,1.00745044070626,2.98375958904081,-1.55543018611648,-0.998892850682887,-1.18747445796549,-0.53164109898386,-1.3517542488787,-0.814766326002946,-1.36113087414565,-1.55496352372964,-1.11108719013175,0.686565056025255,0.251710984350181,1.67542801439965,4.24125036983148,-1.50154365473881,-1.02858847788073,-1.48025612175168,-1.10335715042544,-1.37205516862915,-1.03282444408442,-0.408498247650365,0.0202620289704524,0.562468364411109,-1.45666461742729,-1.43874548149625,-0.606755344361424,2.57682167171792,-1.74456271435521,-0.668624889225259,-0.029300368560396,-1.3517749557738,-0.992964580643408,-1.5720578160903,-0.0890996048754561,0.345004857765143,-0.365310309756885,-0.907640519615269
"VU443-1-GBM-WT",0.760885883690108,-1.31977591447445,-1.32077208828673,-0.495684102737157,-1.36704599459716,-1.2405992192379,0.539407536271609,-0.321483853980897,-0.79586455965425,-1.47034796312204,-1.23912425891746,0.706681823037033,0.887212111970496,-1.39553698781411,-1.38450213747124,-1.46552388865832,1.02161383507829,0.435831069965718,-1.17471663737492,-1.24296246431803,-1.41870196442239,-1.45675819234769,-0.0786250657990876,0.411297639187046,-0.825033397011273,-1.14063880114672,-1.33039587206199,-1.34440225447709,-1.36024757981101,-1.43754032753129,-1.24408872090605,-0.917917231278565,-0.883522706299866,-1.16256379730608,-0.757331991767261,-1.28567566898918,-1.28924401012705,1.12351575132825,-0.70801359603471,-1.581007976084,-1.07518026466143,-0.958366538003194,0.084876367283391,0.0742726988303167,-1.42436478479636,-0.835195273964748,-0.787153774009952,-1.13622360699077,-1.27393342497998
"VU445-1-GBM-WT",-0.544767523652718,-1.25469938346758,-1.2221113680103,-0.391058641393922,-0.593739366604602,-1.14201256711689,-1.2041230126903,-0.185555178469785,-1.28559588594682,-1.39392936881798,-1.14009679580319,-0.352807789525111,-0.400233237219103,-1.31396919895597,0.260758711735534,-1.40496809800058,-0.852596740080537,-1.11732456994805,-1.09259302158084,-1.15103680224203,-1.32321851467852,-1.37919527742162,-0.394780329890573,-1.23783811343581,-0.715349949602701,-1.04356840756092,-1.25181665129778,-1.27425279741083,-1.26598078906228,-1.36226705125545,-1.15908060508137,-0.809783237020043,-0.770137393704077,-1.08260621410501,-0.644624280403179,-1.20233628269346,-1.1976562016483,2.03402593419716,-0.575592672649923,-1.50991490183607,-0.98115929296007,-0.871946718437665,-1.17367647184925,-0.816240040112069,-1.36016639011413,-0.73785561984514,-0.680071157249836,-1.03985475169507,-1.19144967973194
"VU454-1-GBM-WT",0.844288128913904,-1.47714757255139,-1.50119875728137,-0.249032630955597,-0.370220424968028,0.343422113590835,-1.50224852655925,1.54162994765937,-1.51312615875632,-1.64296576547661,-1.4194764762524,-0.420697069202154,0.384558777271729,-1.58918581862578,-1.54764513365596,-1.60671202887808,-0.711604990069222,-0.936875328932078,-0.71595502139923,-0.736497212487425,-0.182552733932941,-1.60894400660847,-1.45833273811869,0.581064004501302,-0.593304856676211,1.99602213976146,-1.13998119005252,-1.50262941697603,-1.10662533660382,-0.847598330448428,-0.771886859630648,-1.09588270271144,-0.293070085522008,-1.3012002050008,0.236399029619466,-1.49452784527632,-1.47492672479643,1.68306720461057,-1.0701530730274,-1.77946680133639,-1.23785733050147,-1.10919938225109,-0.871041178699212,-1.02410103539563,-1.59701960986858,-0.599495534670777,-0.555867579456931,-1.3336899140517,-1.46352203693036
"VU456-1-GBM-WT",-0.777301103860522,-1.39036967236839,-0.74972722294764,-0.569991719734001,-1.44736412605609,-1.31460315034151,-1.39144759964881,-1.14539402061149,-1.44562198040751,-1.553245371165,-1.32417496238235,-0.388308461034454,2.7486310115343,-1.48402014217876,-0.878072898908102,-1.53121363515568,-1.03470613153356,-1.29825856759758,-1.26380274201271,-0.35299091665579,-1.50804117926932,-1.54089693719353,-1.33088020535114,-0.781984822714386,-0.944015872129936,0.450499767174884,-1.41563708575758,-1.42049902410981,-0.453384732023635,-0.486931733862468,-1.33630387519744,-0.983997310775701,0.49682360999713,-1.24489353648826,-0.817040003629453,-0.110592047053904,-0.337694979460968,-0.462306711711473,-0.83691772867187,-1.65812836332261,-1.15744924054117,-1.04282524939861,0.507060589671789,-0.966841529425596,-1.00828672030992,-0.290546123427399,-0.903314918515571,-0.580581267762076,-1.36341019106039
"VU468-1-GBM-WT",0.0985416045044286,-1.373643853309,-1.39476661897643,-0.552700790866447,-1.4381361435829,-0.644719421092172,-1.37934808334286,-1.11967944622711,-1.42589350837125,-0.633909050730328,-1.31303025150577,-0.384577310788344,-0.610201021717111,-1.46305577827663,-1.45639208906688,-1.51564972629531,0.0331319446920914,1.15736297737799,-0.290635541175923,-0.0674301083899892,-1.49773962286751,-0.637773775390102,-1.30634380167871,0.154647927072314,-0.915825286879272,-1.22099007284824,-1.39544083669519,-1.4024693733609,-1.42727009856217,-1.49984875392659,-1.31445528643795,-0.973096734178733,-0.971523723407519,-1.22874971924433,-0.804583305738472,-1.35466092210618,-1.36505700121294,-0.431744029689161,0.0500390768027287,-1.6398561862743,-1.14680120741391,-1.02990165953506,-0.825606354458767,-0.96077149755287,-1.47750583494935,-0.894578083053353,-0.875792792725747,-1.21599417131413,-1.34221041017142
"GBM-471",0.886682315060287,-1.45624234563008,0.222534370007385,-0.647562822362771,-1.48879453250827,-1.3585428999238,-1.44469856258977,-1.20114311277229,-1.48682677147764,-1.6136466723532,-1.36986936659073,-0.0884047891684719,2.45676021510278,-1.5550011230585,0.0662225533461069,-1.58947504596948,-1.07448804132198,-1.35125112637775,-0.813428081059259,-1.36079366299675,-0.652999691607283,-1.58160962759979,0.348492506632995,-1.44803797603866,-1.03201516439748,-1.36260789004662,-1.50125300640286,-1.47930590283453,-1.47990849690265,-0.130001087651737,-1.37176157386978,-1.03229456238586,2.76948615786605,-1.27243266017615,-0.872251329207359,-1.45633884423904,-1.43842916149448,-0.605111235417001,-0.182257875325598,-1.74357520523569,-0.33453443906543,-1.0725084542527,-0.0212421649525589,-0.24381710213869,-1.57116607662232,-0.941852977785072,-0.966465183789565,-1.28387100172498,-1.42827295733188
"GBM-475",-0.78429991804067,-1.39569952953757,-1.40895685692635,-0.575454738992952,-1.45030892857132,-1.3180719841549,-1.39531447181283,-1.1535882386733,-1.45190866435082,-1.55950415887861,-1.32773184132744,-0.389461161149809,-0.640285370784858,-1.49070065599062,-1.47723828296412,-1.53617323748817,-1.03756343154601,0.896855116189857,-1.27052877881318,-1.32539514769385,-1.51118545250722,-1.547249446336,-1.33869898699376,-1.40833590414507,-0.952999096949479,-1.25388907866776,-1.42207283174247,-1.4262443608829,-1.43997439127898,-1.51061225671487,-1.34014248330225,-0.987431924136572,-0.989044398395884,-1.24734884545591,-0.820965055097574,-1.38290622794512,-1.39609785448274,-0.472050431883751,-0.843591778748291,-1.66395098363744,-1.16084147334248,-1.04498640543283,-0.541390245527334,-0.968736166605793,-1.49926389404681,-0.906202174317749,-0.912085131736875,-1.24417719223897,-1.37016572295721
"GBM-476",1.38526840049877,-1.3862131108267,-1.40284615762522,-0.565715260209279,-1.44506890477304,-1.31189967134398,-1.38843561174767,-1.13900364830342,-1.44071922450354,-1.54836437051485,-1.32140281831181,-0.387397418277544,-0.627372890837979,-1.47881025269997,-1.47246717057859,-1.52734582187983,-1.03246385150112,-1.29504512779862,-0.684288120639699,-1.31993818326328,-1.50559136836371,-1.53594284661349,-1.32478262223643,-0.775105441175984,-0.187618813951717,2.85802819056367,-1.41061808179484,-1.41601844515299,-1.43450446982783,-0.335964689780064,-1.33087424550603,-0.981305494003785,-0.981547335223738,-1.24297692376235,-0.813963869522768,-1.37075757310327,-1.38274680016873,-0.454709109581968,1.90663375243793,-1.65358751374555,-1.15480337489947,-1.0411261804574,-1.30035496217264,-0.965350627752841,-1.00191485899229,-0.901247877647585,-0.896475348555061,-1.23460740929957,-1.35814179770863
"GBM-480",1.71143694698337,-1.42560951731183,-1.42828263125375,-0.605657624542535,-1.46686271302034,-1.33757639727129,-0.384420255169691,1.44784814678824,-1.47091085749048,-1.59462710083627,-1.3477298993799,-0.035721047530695,5.51578384031273,-1.52819023218304,-0.933207721129091,-1.56400543644239,-1.05321218378415,-1.32562069818715,-1.29591772935974,-0.426424117338687,-1.52888357006182,-1.56438746990408,-0.057624195129223,0.546198747029946,-0.997788189586198,8.86888914399092,-0.903571341768161,-1.45848592893761,-1.45726516627779,-0.408500977859321,-0.804832792734429,1.10874226245276,-0.32192681884647,-1.26001443057104,0.872790483127866,-1.42121005248298,-1.42269510292605,3.3607743424009,-0.880779039369543,-0.603809272999037,-1.17558462901471,-0.520712134711521,-1.3383029193777,-0.979008805824841,-1.52877027938056,0.0078641597927524,-0.935612417755567,-0.643128919913743,-1.40807628416527
"GBM-484",-0.744953400790563,-1.36581282270947,-1.38974365610695,-0.544532095797863,0.394586785395096,-1.29865630874129,-1.37370291505575,-1.10763987924728,-1.41665663526809,-1.52440855545838,-1.30782257135939,-0.382770239939341,0.245147688028071,-1.45324026044552,-1.44594111539081,-1.50836270219795,-0.349879008860668,0.947436845664131,-1.23281311710032,-1.30799317821686,-0.820739688287361,-1.51162830821965,-1.29485585437526,0.961642653713211,-0.902626451298628,-1.2093090380617,-1.38598495032923,-1.39402788859939,-1.42277135182845,-1.49079069073971,-0.340838193112597,-0.967461017701599,-0.963734560718165,-1.21912796665512,-0.798681205385416,-0.737010222659023,-1.35403571720096,2.78686484362713,-0.801691759328603,-1.63130115066874,0.519922541580214,-1.01950226914112,-1.28070471156574,-0.957586447337001,-1.46978047550841,0.147015818567333,-0.130525269406175,-1.20439755663621,-0.738920094407901
"GBM-485",-0.775183586295371,-1.38875843123957,0.488992763394771,2.16284512147332,-0.234793140067173,-1.31355499251121,-1.39027965259714,-1.14291686958462,-1.44372148600178,-1.55135330992196,-1.32310018728243,-0.387956568344496,-0.630841699729551,-0.902229798101047,-1.47374711438379,-1.52971432382198,-1.03383838336116,-1.29701252902808,-1.26176942915218,-1.32140213900558,-1.50709129526298,-1.53897654351755,-1.32851655053638,0.215637788739053,-0.941300200613932,-1.24353549753367,-1.41369152918892,-0.331217320360103,-1.43597132936629,-1.50806937687919,-1.33419914449989,-0.982955230099564,-0.983564782883047,-1.24415076929066,0.571907186088869,-1.3740172035392,-1.38632904886705,-0.459361449378949,-0.8348976291493,-1.65636815755518,-1.1564236374539,-0.460578979287188,-0.527676784939563,-0.966264984633235,-1.49241645824824,-0.90258396856219,0.264512815458943,-0.577668434386004,-1.36136796169219
"GBM-486",4.84339042482758,-1.32723772771751,-1.33208473599149,0.767788708475535,0.0622893371140105,-1.25190337413067,1.35825256556379,4.91572582659788,-1.37115646094824,-1.47911028142899,-1.25047895813483,-0.373294643009528,6.92953251830155,0.0554914931466723,0.714431932762725,-1.47246734421262,-0.277109854992683,-1.23744863800989,-1.18413310556121,-1.25350285594683,-1.42965029954058,-1.46565172088726,6.18611789709976,0.242984652048268,0.460873392390461,5.73758079806493,-1.33940593238721,-1.35244574019509,-1.37105641022509,-1.44617132124091,-1.25383593199143,-0.930316104695748,-0.115782256665684,-1.17173190359542,-0.767767355804979,-1.29523154000302,-1.29974566274492,0.563515640816608,-0.723197260321718,-1.58915965895194,-1.08596090894152,0.0463922023774855,-0.757538732581349,-0.324005790470221,-1.43172590906361,-0.846356445418529,-0.0463513672252087,0.638596598699781,-0.262642368620879
"GBM-499",-0.705321470003586,-1.33583931666686,-0.251286381580232,-0.512876312189429,-1.38974285581751,-1.26493421404049,-1.33512744508244,-1.06155807315119,-1.38130222459975,-1.48921102475566,-0.571188691397825,-0.375491315746982,0.322258549644537,-1.41567106961137,-0.788810811691308,-1.48047139746625,-0.975254698770959,-1.25169293689864,-1.19498791873526,-1.2656532694191,-1.44227096898092,-0.912807486008304,-0.119060653978348,-1.35666889454923,-0.85210750963396,-0.411980767368838,-1.34979225978537,-1.36171785082188,-1.3835162659219,-1.45612068042428,-1.26507200832139,-0.942038566789708,-0.134415660564678,-1.18230041813419,-0.775710357647959,-1.30624704948263,-1.31185141990678,-0.362838235023145,-0.740700196228493,-1.59855649360745,-1.09838827313381,-0.9796982884453,-1.25183321220653,-0.919457419741747,-1.44021142901559,-0.859222461480755,-0.813585901141185,-1.16001116384861,-1.29429360020376
"GBM-505",-0.773109849589352,-1.38718107452973,0.653741318354583,-0.566712385118166,-0.828565289100454,-1.31252910538639,-1.38913673983079,-1.14049181307158,-1.44186095901468,-1.54950103874805,-1.32204824269953,-0.387610528873468,1.70102373906804,-1.48002351126999,-1.47295390271657,-1.52824654302243,-1.03298711060782,-1.29579316832671,-1.25977887688388,-1.32049489244308,-1.50616168588759,-1.53709653574209,-1.32620260340887,-1.40330948948494,-0.93864163970032,-1.24118265797261,-1.41178688769667,-1.41706186475721,-1.43506223364031,-0.686684885347015,-1.33213867631247,-0.981933382453897,-0.243279073578219,-1.24342339543598,-0.814681399504632,-1.37199718283229,-1.38410909887881,-0.45647829786631,-0.832918920577599,-1.65464496893475,-1.15541955905873,-1.04152291823405,-0.524543633816387,-0.965698865205723,-1.49086038623508,-0.90175656537057,-0.898068120705715,-1.23604082243001,-1.35936868043047
"HD-1",1.00924020865941,-0.494166211099847,-1.37318323557877,3.54281108605753,-1.41589233683777,-1.29123376015933,0.546176821731838,-0.391013624956227,-0.853294228374646,-1.51094351311093,-1.29173022956816,0.8026942677878,3.85071910193055,-1.43886792422075,-1.43063831526009,-1.49769270371112,0.368707422075535,-1.27052760174886,-1.21834284354369,-0.652955665427461,-0.168006457838857,-1.49796163529034,0.134458131834764,-1.38377262759606,-0.88330010438502,-1.19220512543128,0.137448259489859,-1.38166747529095,0.651117278284675,-1.47752745471822,-1.28924724870741,0.175236293662739,-0.94375594099106,-1.20503935047988,-0.789962659531398,-0.0145897543547788,-0.678504769940126,6.07612916584194,-0.77835904355043,-1.06756643291702,-1.12512665652412,-1.00427499964335,-1.26965973330322,0.475080499676776,-1.45846864609167,-0.884111168316337,-0.844038852323863,-1.18741725584229,-1.31775094130545
"HD-2-1",-0.57834966962848,-1.27049048824653,-1.24605182315361,-0.421743082544319,-1.29740791507443,-1.16593504929844,-1.22961853181195,0.266808007172799,-1.30422184189833,-1.41247267484621,-1.16412624269959,-0.357568840108825,-0.433773974737144,0.188961440300175,-1.31872782008409,-1.41966222536806,1.33289837648133,-1.14347476354363,0.242893292107234,-0.502703204403767,-1.34638799123532,-1.39801625785202,-0.429288011058154,-1.26096444891009,-0.741965117678621,-0.314504205588643,0.145143121339335,-1.29127486987814,-1.28885503799439,-1.38053244085653,-1.17970819606202,-0.0746779411624093,-0.797650835553117,-1.1020082712624,-0.671973299350708,0.751339315880515,-1.21988038381944,4.1863298589478,1.58959255973837,-0.975957909104664,-1.00397389282555,-0.892916865503335,-1.18888700046939,0.717742352178036,-0.389817795903048,-0.761475512509478,-0.706055222397452,-0.352353848041977,-0.571941056314287
"HD-3-1",-0.691661818686469,-1.32552122623816,-1.32948239579775,-0.501849700473593,-1.375163860427,-1.24930298760742,-1.31846837812632,-1.04569485575709,-1.36913180964026,-1.47709461421159,-1.24786694449024,-0.372850457553615,-0.543953883980112,-1.40273823793633,-0.77077261756656,-1.47087008476072,0.150087623294281,-1.23460609807235,-1.18196695893632,-1.25107816408784,-1.42713176512881,-1.46360587031481,-1.23574898061824,-1.34155787957921,-0.834716851106489,-1.14920870592726,-0.307681271255298,0.240768928555286,-1.36856996721298,-1.44418586368679,-1.25159370189231,1.41354437806027,-0.893532981282408,-0.222446228547508,-0.766123090046685,-0.663349306924944,-1.29732988233511,4.6183830484037,1.82828609568015,-1.58728446116204,-1.08348094981465,-0.965996151909862,-1.24189447695224,-0.906331869660058,-0.517723077145782,-0.843788950536568,1.31955463493986,-0.459896583974077,0.0244862293647468
"HD-4",-0.639912059855526,-0.794878758404697,-1.28993918052527,-0.473724705416595,-1.3383102228653,0.630228266049182,-1.27635661395658,-1.00559488667521,0.104261147003966,-1.44646604270999,0.380266311266341,-0.365860386600597,-0.495260455472433,-1.37004586933127,-1.35736072600197,-0.0544118704337615,-0.223099397516392,-1.19141298714036,-1.1490518149033,0.73009532466602,-1.38886199984023,-1.43251865512432,-1.19748628126582,-1.30335937179609,-0.790755726957453,-1.11030289356958,-0.696588124980921,-1.32247953048744,-1.33078783883222,-1.41401633563448,-0.594392882708371,-0.884123787834102,0.771860746580802,0.0969964791028476,0.0498228127922929,0.368343219148841,0.606819619467531,-0.296902558173441,1.17719183448403,-0.575071954263455,-1.04579734570454,-0.303275355461874,-1.2167707604634,-0.873152336190746,-0.906550539452088,-0.804775218560799,0.517011451744693,-1.10610694031649,-1.24815605682448
"HD-5",2.25168310313257,-0.142649115003565,-1.32152443782801,-0.496217352436071,-1.36774717221065,0.634584774774512,-1.30999350710268,-1.03762485268975,-1.36294042465109,-1.47093070257711,-1.23987940510167,-0.371480063453893,-0.536694448377995,-1.39615899308997,-1.38516441131926,-1.46598566433962,-0.951722078766008,-1.22591360913308,-1.17534288117791,0.0556230791109464,-1.41943008529374,-1.45734965796138,0.458103958286927,-1.33387054011149,-0.825869801723436,-1.14137902345487,-0.721744488116457,-0.43010732208192,-1.36096642289851,-1.43811433322189,-1.24473696082125,-0.918741820443837,-0.884387340043479,-0.585783451939639,-0.758191458378764,-1.28631118380069,-1.28994242430347,3.15657409040565,1.64087493206093,-1.58155010512633,-1.07589723322535,0.353593436212427,-1.23683840150456,0.0731257595223461,-0.927103022839399,-0.835937549552446,-0.787970345765898,-1.13695847963181,-1.27456241499473
"HD-7",-0.101445061835424,-1.45345071951818,-1.44668897707037,2.07090212953911,-1.48321166793767,-1.35255899785504,-1.43759879875431,0.0745229669946804,-1.48291341466459,-1.60820767578293,-1.36363557599936,-0.0724398432701112,1.05325170191328,-1.54859001926417,-1.50711908129759,-1.16984983702603,0.103996404839615,-0.351707413228183,-0.0322686239508964,-1.35570157993894,-1.54639947139831,-1.57621723464606,-0.405546096040782,-1.44268332466396,-1.02146407242209,-1.34249012403623,-1.49379605080819,-1.47597765092022,-1.47435758048503,-1.53229630039171,-1.36732123588385,0.714122882529085,-1.03448108921051,-1.26865299223435,-0.863117289209162,-1.45141392404779,-0.859497390072011,4.35436179957787,-0.9169139735393,-0.902593379144202,-0.306286941762067,-1.06770586113172,-1.34919649791399,0.823703782905286,-1.10264579675188,-0.0577964382102999,-0.956975723938823,-0.693702636843006,-1.42370801679671
"HD-8",1.31422414142345,-1.00181216296773,-1.44658613332027,1.89402835328695,-1.48308590814085,-0.436816583334307,-0.19510114711747,0.892432735075533,-1.48282142816626,-1.60811609643047,-1.36352977398628,0.405159166524118,1.05403679616222,-1.0076533457283,-1.50700512030659,-1.58585608956075,-1.06785895207121,-1.34355541766352,-0.464395266211223,-0.485931284294652,-1.54626460126732,-1.57612647105568,-0.134152495016691,-1.44259241053973,-1.02128515497468,-1.34215189788625,-1.49352225417127,-1.47589604832573,-1.47422604401792,-1.53221385607698,-0.113116252977879,-0.430571565177362,0.538101235776267,-1.26858852558241,-0.862962275568269,-1.45133010020512,-1.4335558657875,2.97954575856223,-0.916638413530917,-1.72859350674091,-1.18824698253345,-0.566363207954767,-1.34915511368031,-0.216775887885938,-1.55763731867856,-0.935481775076741,-0.956814641690781,-1.27744079521792,-1.42363028339264
"HD-9",-0.958666166873501,-1.46825083459637,-1.47987792220844,1.29300151544441,-1.51085713834576,-1.38522067832128,-1.47673596384368,-1.23399921896582,-1.50181480235619,-1.6311443648165,-1.39769124215101,0.244722334460503,-0.819401918765681,-1.57452606706269,-1.53253842555464,-1.59976961199622,-1.10327355253481,-1.38540184729875,-1.32933221911453,-1.38330068940423,-1.5795718104721,-1.59762277932199,-1.43543124186429,-1.47188499530663,-1.0793578963827,-1.45024712817525,-1.52049641114739,-1.49265804343303,-1.50324871082796,-1.54973992766494,-1.39123079442794,-1.06794453883944,-1.08902016047656,-0.896588028046411,1.02926608034977,-1.47797975980485,-1.45926188394226,-0.720382457038918,-1.00832267206211,-1.76818450447882,-1.21878704198597,-0.677990738372419,-1.36196360916735,0.495103568524152,-1.58790735471789,-0.969365377398334,-0.459987979086383,-1.31192147136346,-1.44828093386625
"HD-10",-0.786224108013833,-0.919999745237547,-1.40990245656635,6.02422666567344,-1.45111954166355,-1.31902689249518,-1.39637938280976,-0.474294230743778,-1.45363852124689,-1.56122633979069,1.24672951854567,-0.389775299715936,2.96410203563541,-1.49253887992409,-1.47797604750442,-0.103431991114998,-1.03834608570711,-1.30351976103926,-1.27237952894591,0.37066563325132,-1.51205119506504,-1.54899741582938,-1.34085041904686,-1.40920191707349,-0.955470939584353,-1.25607667162839,-1.42384370485678,-0.925966820741291,-1.44082071593467,-1.51114935980893,-1.34089283212022,-0.98837359433956,-0.990197990721874,-1.24802398443809,-0.15035568282585,-1.38478437686439,4.22401539645677,3.87652896992294,-0.845425928116035,-1.66555314783015,-1.16177476916425,0.928924694451935,-1.31090525732948,0.357043322376866,-1.50071067870589,1.42471388058701,8.46347631816825,0.0727822146636457,-0.792168748499781
"HD-11-1",-1.05307135081943,-1.48062021834693,-1.50983834343661,0.906526260042416,-0.423163319095076,-1.41449477554177,-1.51267669284807,-1.26994862851847,-1.51759206949229,-1.64764967841491,-1.42828361453748,-0.423429817869657,-0.915163419998981,-0.185990765808474,-1.55368504220309,-1.60941530174652,-1.1343434508788,-1.42372989301632,-1.34948296190932,-1.40761634095608,-1.6068516448788,-1.61342939637748,-1.46757111103733,-1.49799402178533,-1.13200126194916,-1.49762643778036,-1.54091789787337,-0.97371199480168,-1.52879280796458,-1.5630953519309,-1.41196608115083,-1.1071882921143,-1.13891020398092,-1.3060638849014,-0.958054909917246,-1.50111599617965,-1.48109404462402,-0.860927242092482,-0.124587136939328,-1.78393116856043,-1.24547510768776,-1.11542942793085,-1.37252068264446,-0.166139667086916,-1.60058431815222,-0.998770815906499,-1.05536004294383,-1.34244039856169,-1.46957519539256
"HD-13-1",-1.04952710211765,-0.786870066647638,-0.602763211324277,1.67449838609916,-1.53402199400389,0.587893903657679,-1.51136816084365,-1.26865675338254,-1.19135912749678,-0.420324103389851,-1.42718164671182,0.464062825549159,-0.331121235650366,-1.59429477997948,-1.55293148870125,-1.60908028061324,-1.13323497490485,-1.42233394033656,-1.34877228974301,-0.0887838978956182,-1.60586744242416,-1.61287108831389,-1.02743650916084,-1.4970558678429,0.900806271564502,-1.49590891278038,-1.54019598370611,-1.50605505822189,-1.52787516423889,-1.5626255920298,-1.41123166800385,-1.10577327978284,0.257307846979044,0.122015684004348,-0.521951754936675,-0.841883710357804,-1.48032764923232,2.26914381449283,-1.09278316998386,-1.78337565515815,0.207119515485727,-0.529810569445694,-1.372154908556,0.187403605041942,-1.60014202556861,-0.365763383407945,-0.0340109308445503,-1.34134710956431,-1.46882126307281
"HD-14-1",-1.06503958700572,-1.48205561142838,-1.51346527300391,1.55924731964318,-1.53776559572032,-0.399853541667459,-1.51707071888874,-1.27427728653956,-0.285631283578043,-0.759522015462843,0.500917527133252,1.05438915784427,0.00783048437815625,-1.5974541619526,-1.55620631494875,-0.152782507121704,0.145092322140913,-1.42841782283783,-1.35185675834865,-0.214547834137368,-0.260201189864351,-1.06977091448085,-1.47144222338696,-1.50113728406629,0.603302976575882,-1.50338969509269,-1.54333015132115,-0.989561035288878,-0.148536548618044,-1.5646637447427,-0.82981730043151,-0.418057242859459,-1.14500235182357,-0.456788204655087,0.298051313590637,-1.50386134715814,-1.11035088992055,0.456940642285602,-1.10709269498321,-1.7857867599808,-0.271831771711213,-0.207852634920729,-1.37373896468994,-0.513375946912894,-1.60205908459105,-0.0266447348428849,0.680370345802706,-1.34610168213853,-1.47209508391014
"HD-15-1",-0.986309803404325,-1.47207030716146,-1.48889390228954,-0.725742554716833,-1.51812614510853,-0.247911474777096,-1.48748707361535,-1.24485408177659,-1.50664846065077,-1.63618868712974,0.345641765890809,0.682140878372788,-0.847532856342569,-1.58076954151289,-1.53896117562439,-1.60275299553888,-0.665021940714113,-1.39686451008258,-1.33549780398804,-1.39067889239105,-1.58778480324358,-1.60245380724556,-1.44513349961542,-1.47976827900053,-1.09515354985168,-1.46446426367091,-1.52673432369379,-1.49693036403432,-1.51096264132347,-1.55383390004222,-1.39755603910379,-1.07976622942908,-1.10395831485964,-1.29413455155191,-0.926597954420404,-1.48502750993986,-1.46596303800263,-0.760992692680049,0.327796746276185,-1.773001346246,-1.22689820122163,-0.224457958864499,-1.36523460398425,-1.01642325167057,-1.59181579605554,-0.554448211574589,-1.02282715563915,-1.32115681594573,-1.45477838634989
"HD-16-1",-1.06955884408579,-0.173467465359701,-1.5148245061555,1.33272168384817,-1.5388444739707,0.825637501093504,-1.51871995561478,-1.27589823124831,-1.20993254284263,-0.0798957174272956,0.494716160118624,1.2362108739558,-0.931797274135585,-1.59836281730966,-1.55714899433312,-1.00113980701748,0.507619711755296,-1.43017751531839,-0.0018358292541869,0.233693480356736,-1.61138787486231,-1.29891759659486,-1.05229894317226,-1.50231425058057,2.35837001108118,-1.50555119749806,-1.54423081703718,-0.559251386661888,-0.157415264978639,-1.56524882339868,0.11004108419501,0.10581297273391,-1.14728871432768,0.284613643572459,1.31602574759087,-1.50488708207077,-1.11551056164377,3.81278612946843,2.58877407768769,-1.44769478081821,-0.146527006440493,0.663295421147775,-1.37419228131422,-0.0701459307023203,-1.60260847816427,0.675930844424205,0.42203177375958,-1.34747192501145,-1.4730361949697
"HD-20-1",-0.521536326857591,-1.24377553533122,-1.20555002540877,0.494200399522795,-1.2596608941405,-0.404066343443428,-1.18648591997632,-0.920017563544077,-0.677571573033315,-1.38110162422164,-1.1234738911761,-0.349415994032508,-0.377030685646087,-1.30027710251937,-1.28307513476675,-1.39480310840007,1.29975358593205,-1.099234591598,-1.07880762316665,-1.13560601702936,0.848084582401766,-1.36617544537839,-1.11582987450738,-1.22183995623225,6.24526463960217,-1.02727401968157,-0.629375621043941,-1.26247739998286,-1.25015701833405,-1.34963156153218,-0.486696379578374,-0.791631695851789,-0.75110435803782,-1.06918440930496,-0.625704987937999,0.293160762777729,-1.18228212906815,-0.197350863619388,4.61463893836613,-0.0427403605836849,0.677908438218009,-0.857440152548253,-1.16315425019054,-0.802343911095812,-1.34938994731277,-0.00989227868359877,-0.662096101950589,0.847033427570058,0.238967577910181
"HD-22-1",-0.724099275296009,-1.35003082179625,-0.678788512341953,0.243210218336232,-1.40979481109892,-0.603191230002707,-1.35804033151162,-1.08337634781864,-1.39804141752677,-1.50587593999112,-1.2851633865796,0.0696862697874824,-0.577777495217973,-1.43345889075155,-1.4248791013936,-1.49367704626832,-0.996707773493617,-1.26722524647364,-1.2128969513274,0.167463774905676,-0.793494000191127,-1.49281817843467,-1.27170401088166,-1.37745258974355,-0.876026627362341,-1.18576806228264,-0.36644529605029,-1.37701562967359,-1.40407341031394,-1.47253583147561,-1.28361007562615,-0.954060839248878,-0.936236980880306,-1.19973709514471,-0.78665874190253,-1.32442121011776,-1.33182434768437,-0.388666530571066,-0.769577768286774,-1.61406005091519,-1.11889181076137,-0.998544211755435,-0.790809353559599,-0.93751030584481,-1.45421143536712,-0.217231425502351,-0.836937845098666,-0.506321189208173,-1.31228116769803
"HD-34-1",0.838047922313072,-0.933219536987316,-1.41569812307464,-0.586094423214438,-0.102673458778946,-1.32487831421386,-1.40290889020148,-1.16576286295609,-1.46294941999317,-1.57177286613627,-1.33471072134515,-0.391670665772707,-0.65445367644141,-1.50379604635038,-1.48249473821454,-0.805197546186431,-1.04310499494827,-1.31048457280905,-0.716817854074038,-0.73925399774577,-1.51735790666293,-1.02203312588242,-1.35402565207242,-1.41450911597786,-0.970608346629112,-1.26947335175124,-1.43468841915115,-1.43750658260874,-1.44600723877509,-1.51443703861599,-0.774272643999173,-0.341966212449692,-0.997229779311857,-1.25215391752197,-0.167938327823938,-1.39628604136367,-1.41080191991118,-0.491152850889783,-0.856635373186144,-1.67536469942139,-1.16683737731001,-1.04916518336836,-1.31955626274234,-0.972394062108567,-1.50957069591802,-0.911577553988909,-0.215579367698345,-1.25126008085707,-1.38340816654283
"HD-39-1",-1.02240227169313,-0.74303511241495,-1.50036525516652,1.31074666412912,-1.52732668259956,-1.40526083929265,-1.50124529901549,-1.25861928013673,-0.92489487910021,-0.835129545778348,-1.41862617902039,0.692103542749688,-0.884149715631182,-0.920556981021707,-1.54705991588261,-0.677648218533791,-1.12460167469141,-1.41153626357585,0.57858271780457,-0.531159858704029,-1.59823011060019,-0.0862409771556374,-1.45744019361402,-1.48976606420799,-1.11530603786041,-1.48260290371514,-1.53455613564235,-0.358401255628978,-1.10365439454593,-1.55894958713275,-1.40549781665935,0.456090105139906,-1.12305535443349,0.403529212336576,0.536010276961018,-1.49388865182831,-1.47432620811279,2.66635092647243,3.52451350436913,-1.77903281440875,0.422905776512413,-0.288990376066754,-1.36927863830148,-1.02358731334288,-1.59667183514411,-0.322800751823595,0.687645074071483,-1.33284355409374,-1.46293429844864
"HD-40-1",-0.96774026721215,0.300462906328861,-1.48285906384559,-0.712553511425327,-1.51326426434626,0.468124740679818,-1.48028491208607,-1.23759193440542,-0.372662172298403,-1.6328196073156,-1.40074166583472,-0.414582668351565,0.231474488848517,-1.5765976122948,-1.53466765674002,-1.26728644883526,-1.10639909169596,-0.86231482731043,-1.33138055165396,-0.133771726877651,-0.00662820758039739,-1.20117007684801,-1.43864219580961,-1.47449404335199,0.582684440709151,-1.45494436234017,-1.52256775112248,-1.11762786083175,-1.50580181845478,-1.55110073373434,-0.173432022246945,0.689079380935614,-0.539432171559931,-1.29060952955648,-0.411077118828691,-1.48031817595189,0.448641364790512,4.05382785557829,1.8003455199429,-1.76978461289171,0.389961530869712,-0.190945923619304,-1.3630542824342,-1.01258378615755,-1.5892086763261,-0.972337364531924,0.362774852230483,-1.31498000896338,-1.45043779249799
"HD-45-1",1.4086428587706,0.211570612629592,-1.50172474957184,1.29753624058638,-1.52841341823507,0.293367032774311,-0.187768770749015,-1.26024726569017,-0.288491247505949,-1.03073329627766,0.507365698830119,0.279424822762324,1.09671106659124,-1.58954287279583,-1.54801421585419,-1.31713095291601,-1.12600440187537,-1.41328177455908,-1.34412135629503,-1.40108892682074,0.44589447885826,-0.122333022674875,-1.45889587451815,-0.207666860491515,3.52386680625716,-1.48475640418445,-1.53547455362017,-1.50286966176548,-0.348254748260041,-1.5595489330392,-0.420068605458857,0.445548035593682,-0.0494844552501255,0.463379033634269,0.525164563581413,-0.805960169623803,-0.21232570261495,3.99631916553947,-1.07171503526933,-1.77974037700785,-0.569682383521222,0.841128724809783,-1.36974928567438,0.333824343162481,-1.59723872613919,0.630764928362429,0.390491277630983,-1.33422382527672,-1.46389259680169
"HD-46-1",1.77804929773763,-1.48542547608188,-1.14003930633295,0.528105153676051,-1.54461673608132,-1.42642956850891,-1.52758894001884,-1.2845798192109,-0.418263258582296,-0.179532637335408,-0.0181934839239242,-0.0999639064902873,-0.956533262314639,0.0936524965197727,-1.56218411299836,-1.61314974500231,-0.181197368057115,-0.747222800901644,-0.816473117514849,-1.07756091486116,-0.113340219268274,-1.61970040359951,-1.4806562753612,0.00970203514204004,0.377941525807547,-1.51715942525605,-1.54902992703584,-1.027643164268,0.094334855199572,-1.10121529417839,-0.692667445010351,1.23304672722772,-1.15958225045037,-0.114279449860876,0.227981116252506,-1.51035911988566,0.278604671713037,-0.923900339097162,-1.13383186795465,-1.47153172669133,0.766162622853391,0.0797396813212025,-1.37659349239713,0.735756991239034,-1.32862769907436,1.18464022295152,-0.359419792478988,-1.3548032926998,-1.47805321209598
"Control-2",-0.956767775841917,-1.46798235146478,-0.97701227383413,-0.704697997442883,-1.51035095547655,-1.3846065325286,-1.47599107079917,-1.23324394948776,-1.50147627039439,-1.63079148092217,0.518466954135317,-0.413327824799009,-0.817467358915984,-1.57408994688912,-1.53209038648081,-1.59955973669686,1.21893328841062,-1.38460771507407,-1.32890065393981,-1.38278621284313,-1.57900116103386,-1.59728481019757,-1.43475626421085,-1.47133653763957,-1.07826186771218,-1.44926070283891,-1.52006012783279,-1.49235820109207,0.649749828708661,-1.54945313020674,-1.39078867206549,1.3651642036552,-1.08798459136278,-1.28848354292814,-0.912111971023735,-1.47748745278942,-1.45879219652872,-0.717608461399574,-1.00654693647356,-1.76784739555626,-1.21822102710284,-1.09294843389699,-0.593137836848743,0.287656958402091,-1.58763281717316,-0.968739673931376,-1.00782204694685,-1.31127826959115,-1.44782672083024
"Control-3",-0.917278085611488,-1.46221343612109,-1.46601873983878,-0.676050307462116,-1.49962048432219,-1.37161086597509,-1.4603114670299,-1.21725021042561,-1.49424068298725,-1.62326155475736,-1.38349142975691,-0.408571499798456,-0.777147052948059,-1.56480371749465,-1.5225687597502,-1.59504500305448,-1.0886445003724,0.580822726081305,-1.31968414288415,-1.37185886634155,-1.56694203803965,-1.59007296319017,-1.42046615059044,-1.45972485466323,-1.0551400687297,-1.40799891464384,-1.5107535625234,-1.48593019756483,-1.49134796498396,-1.54332120823946,-1.38136565935114,-1.04974743778672,-1.06616641153494,-1.28056415284668,-0.892219038458721,-1.46700453147301,-1.44874319530423,0.0814173811095165,-0.969513300843458,-1.75961418198317,-1.2061856716935,-1.08285405452446,-1.35677313942171,-1.00160943940122,-1.58174008437357,-0.955414821890711,-0.987194145895403,-1.29763960656887,-1.43814439856583
"Control-4",-0.904279602983718,-1.46023650811933,-1.46157945391895,-0.66649403039274,-1.49600550699162,-1.36724255061812,-1.45507564282298,-1.21186882141376,-1.49177773985543,-1.62070376988391,-1.37893658117125,-0.406920427123322,-0.763842652302699,-1.56165778410138,-1.51935093566956,-1.59349563261249,-1.08392429711143,-1.36231202122346,-1.31655007549037,-1.36816852780336,-1.56289548186842,-1.58762315766229,-0.840114335638368,-1.45581931596567,-1.04739670381988,-1.39258671465553,-1.50759351626163,-1.48373378748011,-1.48752530089174,-1.54123308294933,-1.37816950246233,-0.48944498382245,-1.05887135317728,-1.27786472753076,-0.885540793021746,-1.46345301473818,-1.44531856437393,0.109658939192374,-0.95728463792146,-1.75585589352429,-1.20211534125676,-1.07941752363589,-1.35506824007821,0.119447669144741,-1.57972346478818,0.472236645850428,-0.980263801055278,-1.29304310649844,-1.43485960237125
"Control-5",-0.827728142538858,-1.42895426863567,-1.43044839495361,-0.608984634996675,-1.46871613725882,-1.339760701088,0.402998831203793,-1.17903391119628,-1.47227608573863,-1.59762111697153,-1.34996931918578,-0.396268210166748,1.54011290172161,-1.53238258794548,-1.49397112696693,-1.56711783438117,-1.05492025514021,-1.32822737221789,-1.29707585284858,-1.34453210466455,-1.53086749159687,-1.56573168900768,-1.38406213956737,-1.42801119108837,-1.00051387265852,-1.3034929921355,-1.46222757638875,-1.46209141444458,-1.45920210499061,-1.52277205024542,-1.35712759919565,-1.00840669859973,-1.01482096413148,-0.204925580082792,-0.844937860110917,-1.425493463389,-1.42396808160824,-0.532841499966088,-0.884906216196215,-1.70028023473946,-1.1770621383091,-1.05801844445712,-1.34152469748954,-0.980119379864613,-1.5320698969582,-0.923009301071246,-0.938076689999084,-1.26492154906472,-1.41179006405423
"Control-6",1.104508289722,-1.19373477859232,-1.51239624825091,0.449466896290991,-1.53691650091876,-1.41698453089157,-1.51577457994196,-1.27300194256739,-1.5189012560826,-0.164029184968572,-1.43088883521886,-0.424221417530531,-0.923668691532981,-1.59673845073003,-1.55546406353289,-1.61020369976026,-1.13696085718268,-1.42703493207789,-1.3511585638586,-1.40966518649573,-1.6091788889582,-1.61474599460172,-1.47030166901684,-1.50021122369212,-1.13651838772893,-1.50169033067632,-1.54262050065877,-1.50768448304896,-1.5309614689277,-1.5642025535235,-0.357323466499298,1.25285424250891,-1.14320540694636,-1.30748850528982,-0.961897223823395,-1.50305342117969,-1.48289990025425,-0.873750531391161,-1.10382910747337,-1.78524097406321,-0.425600117674161,-1.11725588606737,-1.37338119306165,0.670929918019434,-1.60162573167753,-1.00123371907602,1.48167218612384,-1.34502328361153,-1.47135366458724
"Control-8",-1.08922986899014,-1.48486967087514,-1.52067447902558,-0.796351023159728,-1.54347855717526,-1.42503166565552,-1.52583404471018,-1.28286672890059,-1.52309741065761,-1.65343706047565,-1.43931299964226,-0.426729877991408,-0.951606843536975,-1.60225625669657,-1.56119241659049,-1.6127181684669,0.868210686205725,-1.43776901499057,-1.35653301640651,-1.41626608263353,-1.61670833471236,-1.61897115770743,-1.47912413844072,-1.50737343047671,-1.15116616024231,-1.51486459982553,-1.54808626406147,-1.51134197759377,-1.5379662045374,-1.56775015989295,-1.0956146752361,-1.1213586528487,-1.15714992151801,-1.0223678845543,-0.296861459051111,-1.50928226437083,-1.48868112172924,-0.916319660754435,-1.1293380864396,-1.78944239839297,-1.25493925235422,-1.12311046520065,-1.37612322887207,-1.03584451849519,-1.60495259289988,0.467767672213052,-1.07216696871598,-1.35335764577469,-1.47706637952785
"Control-9",-1.05916261581977,-1.48135437128983,-1.51168922070577,2.59903952758666,-1.53635465647314,-1.4162964934319,-1.51491781197145,-1.27215822516825,0.0656838822150536,-1.64864509762055,-1.43016883397582,-0.424003400496194,-0.921311949317741,-1.59626458323841,-1.55497274930898,-1.60998632268235,-1.1362379383571,-1.42612084619378,-1.3506961178583,-1.40909930093064,-1.60853565035742,-1.61438259632439,-0.0731395079052497,-1.49959856296129,-1.13526940830713,-1.50056671790898,-1.54215053326704,-1.50736897219872,-1.5303622306987,-1.56389703340276,-1.41322030614193,-1.10960936893734,-1.14201755339598,-0.591880697246782,-0.960835141971064,-1.50251850079841,-1.48240166536711,-0.870191141281953,-1.1016754690896,-1.78487947913773,-1.2470987821516,-0.0611900112633657,-1.37314396931414,-1.03048837369605,-1.60133851231013,-1.00055369998493,2.17838005284118,-1.34430971100753,-1.47086270615529
"Control-10",-1.00021219209973,-1.47392831821263,-1.4933532946976,-0.735528986980586,-1.52170925202843,-1.39841261518032,-1.49282472893567,-1.25021123580241,-1.50901193816011,-1.63865911357211,-1.41146854184145,-0.418134659470001,-0.861652318934488,-1.58383370660917,-1.5421193024809,-1.60420270092177,-1.11734188945131,-1.40255613792809,-1.33851503436172,-1.39430899460736,-1.5918459496909,-1.60481970396529,-1.44992266118759,-1.48365920777754,-1.10297986640996,-1.47150872171006,-1.52979031248381,-1.49901326427402,-1.51476961076499,-1.5558349904882,-1.40065748800764,-1.08560916783442,-1.11136951914813,-1.29671406226671,0.59118685375149,-1.48848635670239,-1.46923590109883,-0.781576600483956,-1.04707405942176,-1.77535898809131,-1.23088471215098,-1.1034602758408,-1.36682222323668,-1.01922904857833,-1.59371901464936,-0.982718335196826,-1.02976028263026,-1.32570843639992,-1.45796374018189
"Control-13",0.310729494274663,-1.22055923283161,-1.52177137168164,1.46571460073881,-1.54434577691306,-1.42609672019382,-1.52717088771214,0.0509349033500283,0.0554170359153716,-1.65401745031047,0.547238984719532,-0.0986977218638894,-0.955358218538772,-1.60298315651683,-1.56194807667761,-0.13988829321155,-1.14650652663582,-1.43919575126789,-0.814797677382221,-1.07633460178362,-1.61770573643767,-0.133755323024819,-1.48029147715463,-1.50832089047027,-1.15311050516666,-1.51661284366504,-1.54880539242767,-1.23325751458656,-0.749003522083752,-1.56821613969025,-0.690686348530291,-1.12279255510868,0.6052542845202,-0.193244518870257,0.6652839679958,-1.51010285448312,-1.48943990255982,-0.922090109950118,-1.13276013788526,-1.78999478937442,0.808469475452797,-0.262669206628137,-1.37648168218051,0.91289047377218,-1.6053884469473,1.14788936860314,-1.07386755361541,-1.35445913415754,-1.47781839132926
"Type-Unknown-3",-0.616815139433895,-0.346758798019063,-1.27347356252391,-0.456889479841813,-1.32296453299487,-1.19333620218156,-1.25882146368102,-0.988897438877439,-1.32555627796347,-1.43371244250835,-1.19164991449535,0.166797755595973,0.98633417435371,-0.30998753590985,-1.34286646821973,-1.43649308879706,-0.903810277054362,-1.1734275689088,-1.13534609612518,-1.19889276480861,-1.37292664071728,-1.41957407774169,-1.18155386436709,-1.28745368397975,0.978134617531759,-1.09410268729147,-0.216880059797304,-0.360431572332141,-1.31505552953696,-1.40145387907228,-1.20333533348787,1.29410334147164,-0.829165124945192,-0.531543471669398,-0.703299256402205,-1.24572228025736,-1.24533627960619,1.90449374903917,-0.64453023164509,-1.54692554090157,0.356343620954468,-0.916936371563242,-1.20630935727125,0.437455852180595,-0.895836384516102,-0.0996833493866152,0.0405809451453003,-1.0900238146908,-0.597755426842769
"HD-17-1",-0.395447233502253,-1.18448551598301,-1.11566207465921,-0.254622760882027,-1.17588677675372,-1.03564318908349,-1.09075925340197,-0.828864023776178,-1.20277708249641,-1.31147806155244,0.189299757335401,0.350654840746842,-0.251097066419631,0.328891271997523,-1.20394909591572,-1.33963185166291,0.514815875096049,-1.00104985367467,0.161594762393778,-1.05185425277953,-1.22019731512228,-1.29550931343314,-1.02885273794336,0.453612873686715,0.253404159148541,-0.938834986057711,-0.557783551715814,0.319363138385433,-1.1642722952102,-1.28105147685731,-0.408265751718964,-0.693112821034837,1.13774997038722,-0.996336539547936,-0.523019084370644,-0.466260103449727,-1.09883817695901,-0.065542883310753,2.21926598160444,-1.43320952714747,-0.150740439464372,-0.778704659201682,-1.10604408919749,0.731249322719022,-1.2908999816686,0.113665850406067,0.265711706191496,0.916242969536731,-0.462930755480932
"HD-18-2",-0.489276757750107,-0.72404654176575,-1.18255242520426,-0.340356010836658,-1.23822750242246,-1.10248332263371,-1.16199449939737,-0.896696165655623,-1.25481856271787,-1.36328861540646,-1.10039080401043,0.270178389642275,-0.344810894193211,0.261824561633246,-0.589466041888132,-0.911178679651928,-0.08006845552026,-1.07411427980853,0.570586998054355,-1.11417834430372,-0.144404073632014,-1.34809569790474,-1.09357699859962,-1.19962441295001,1.20600685113048,-1.00464712118411,-0.0641611967545961,-1.24612571347932,-1.22818363358552,-1.3320855238687,-1.12499580230946,-0.766425896000469,-0.724674487256057,-0.430608972015141,0.703332235812207,-0.522762840789478,0.060307160808462,-0.170573130151952,-0.522497259198399,-0.026473112755073,-0.237228180012041,-0.837295879786552,-1.14854276289796,-0.783047310138064,-0.338922811028622,-0.698826370927346,0.729735224965102,0.210413963440557,-1.15837704706158
"HD-21-1",-0.325670786782196,-0.647115215462738,-1.06591897920704,1.69207120189904,-1.12952701570852,-0.221562627967503,-1.03778507084449,0.599918165842318,-1.16407636861115,0.162377751145222,0.537097835694229,0.412373383216765,-0.181406657531889,-1.18483708076893,-1.16016153517485,-1.30910062843213,-0.696856418726366,-0.946715398948094,-0.96258095910958,-1.0055068617374,-1.17205614666736,-0.655032535427703,-0.980720458030631,-1.08695720660382,1.03044251420138,-0.889893706892209,-0.518165214569276,0.251724990649257,-1.11674454600013,-1.24309994197802,-1.02450201452256,-0.638593458283831,-0.590634114385617,-0.95602325496871,0.921276047816057,0.221915961961284,-1.05266112608558,3.60792207980284,2.37077123277846,0.143148275971865,-0.832312212516155,-0.0650918760320591,-1.07443989568905,-0.685183661508597,-0.760780903261263,-0.583754645722643,-0.510545841965243,-0.140111175009397,-0.421343821981664
"HD-24-2",-0.236386982199876,-1.10969169261343,-1.00226923746125,-0.10928735188292,-1.07020648506803,-0.922335479971607,-0.970000928978595,-0.713874657473713,-0.519416726793571,-1.22364856670849,-0.919437465393773,0.913384190982863,-0.0922329443252132,-1.13221463202691,-1.10413231327983,-1.27003381008965,-0.633390898354007,-0.877190694467837,0.363862999455741,-0.946202159374028,-1.11045618165425,0.264827029781964,-0.919131866523937,-1.0254719394419,-0.470946273076664,-0.827269944714227,0.141779796006453,-1.11794128807768,0.495658485279763,-1.19453832006918,0.312339291623596,1.52526023929748,-0.517484984273166,-0.904439610463514,0.476781450563758,-1.01663412898357,-0.993574385786068,0.113780555018057,-0.280523897106625,-1.35150076431346,-0.77165574709898,-0.679380546188766,-1.03400013743495,-0.631777060097578,0.276138525485705,-0.520957173446144,-0.441462818010532,1.01206422145871,0.271393209521646
"HD-25-2",-0.230058559680667,-1.10671592140577,-0.997757753425702,1.85121765972755,-1.06600185485863,-0.917827382869582,-0.965196399289969,-0.709299653415693,-0.515906739100395,-0.62765560366287,-0.914909211214512,-0.256595982555341,0.93917812892294,-0.496062807809702,-1.10016097053483,-1.26726475993426,0.133842621273772,1.17275065384978,-0.269113175402447,0.601204722279962,-0.365775326779631,-1.20281788758881,-0.914766476504544,-1.02111387303638,1.18784267179993,-0.822831181954747,0.145373008168395,-1.11473354588028,-1.05161893177489,-1.19109627967793,-0.306676951560549,-0.563887480295399,1.39484305413071,-0.900783369569248,1.90849022647785,-1.01282324751269,-0.98938632660056,0.120915175239327,-0.274468651613293,-1.34824987309141,-0.0383808416517312,-0.675428804956467,-0.545124636593666,-0.627991608294476,-0.7164284876041,1.19582808488454,-0.436566223756566,-0.820712818021838,-1.00388236480635
"HD-26-2",-0.46423908361767,-1.21683304117972,-1.1647032587188,-0.317478764129016,0.260870228177781,-1.08464755616026,-1.14298593156892,-0.878595689524075,-1.24093170105466,-1.34946337463692,-1.08247528838468,-0.340709442247594,-0.319804092759368,-1.26650702227294,-0.152814238046066,-1.36973225704409,-0.795354787012929,-1.05461760957731,-0.408075961167907,-1.09754764829741,-1.26765917654407,-1.3340634328074,-1.07630583624678,-1.18238222563117,0.198883919304523,-0.987085668043817,-1.20609344472647,-0.689542788283142,-1.21112939318052,-1.31846748787232,-1.10961659153826,-0.746862875774685,-0.70416142678115,-1.03608097425039,-0.579042592028554,-0.507685527582957,-1.14436363593232,-0.143098344154621,-0.498540378475948,-1.46854768938455,-0.926450932794016,-0.151619924757004,-1.13720232446237,-0.76807060648049,-1.32281101253397,-0.681216204620531,0.208015338745177,0.240614453814604,-0.503930866987316
"HD-27-2",-0.190773212516358,-1.08824303900579,-0.969751529753896,-0.0676094605262518,-1.03990050701526,-0.889842184478372,-0.120734291153556,-0.6808991124986,-1.08925696076107,-1.19846166855871,-0.886798882465045,1.17250088227724,-0.0466754186903908,0.159513301539005,-1.07550781598133,-1.25007515283396,1.13306248537245,-0.841671555556668,-0.882532702329582,-0.915904267752954,-1.07898567443556,-1.1808005706873,-0.887667169860741,-0.994060029651831,-0.43479557122517,-0.795276394729827,-1.05082238137138,-1.09482064255311,-0.293978485896051,-1.16972890869194,-0.941642152373044,-0.533192135468753,-0.48011418013788,-0.878086292626044,1.96595307716911,0.743311804786751,-0.253277379836089,2.68366280860438,2.68331053031042,-0.225653034778424,-0.740667259810621,0.0191440144675565,-1.01334006556986,-0.604492420652183,-1.1959561912332,-0.488874877552419,-0.406169327119853,-0.793357172240563,-0.980468201477387
"HD-29-2",-0.475894669519295,-0.717753973161991,-1.17301243680552,-0.32812862372792,-1.22933638741405,0.651395970594341,-1.15183483638409,-0.88702185775742,0.1750009819516,-1.35589932713585,-1.09081535344996,0.28145116503315,-0.331445306743352,-1.27337663848761,-1.25443313682964,-0.905323243580379,-0.803639915855185,-1.06369373675564,-1.05172385145048,-1.10528960167854,-1.27570076580101,-0.739224914295162,-1.08434594074529,0.186195286944019,-0.660765510896719,-0.995260909264363,-1.21271136457761,0.323564018532014,-1.2190685157594,-1.32480698200934,-1.11677595112153,0.512813405555604,-0.71371070588774,-1.04281497939793,-0.588534803750166,-1.16086207915108,-0.441966667468532,2.78024334674681,-0.509692831364281,-1.47453512808359,0.230767083559188,-0.828939524047747,-1.14248154703108,-0.775042590183156,-0.332715153728226,-0.689414122887431,-0.626781033086926,-0.250891976931755,-1.15040128963201
"HD-30-2",-0.17643104823875,-1.0814990203529,-0.959527110480815,0.901933135585076,-1.0303715134933,-0.879625441045015,-0.924482466225633,-0.670530737193114,-1.08130224219494,-1.19054224787908,0.682538331213832,0.547885406329417,-0.0323509390152991,-1.09687756192323,-1.06650752406362,-1.24379962807231,0.17196261331329,-0.830503407675061,0.698139127694498,-0.906377816816985,-1.06909052243296,-1.17276256163948,-0.877773844849023,-0.984183302216053,-0.423428843408061,-0.78521678437787,-0.433428450873123,-1.08755090583504,-1.01509091932396,-1.16192817974382,-0.93283258139717,-0.521985980761245,-0.468363820195843,-0.869800119036195,0.52920590243873,0.762554423847687,-0.953896409293595,0.181374464483759,1.5206112883666,-1.32070158508164,0.988274826402012,-0.641941463125649,-1.00684399767781,-0.595913415148007,-1.18930317570634,-0.478787363161413,-0.395072128887908,-0.0361907639968806,-0.971920236367592
"HD-31",-0.523805422748581,0.295154393274401,-1.20716764652308,0.491606344724678,-0.170006095383723,0.294290182484656,-1.18820861446163,-0.921657960163899,-1.27396949469793,-1.38235456795979,-1.12509752533143,-0.349750818110221,-0.379296983628885,-0.669192518368437,-1.28449908480755,-1.39579596883416,0.913496072047664,-1.10100152146839,0.0111218110756915,-1.13711321149848,-1.30875604090361,-1.36744715116484,-0.377217141945422,-1.22340256848569,0.144549460387252,-1.02886556612273,-1.23991458949959,-1.26362755622122,0.101843610824193,-1.35086572686875,-1.14620478577377,1.44912363935284,-0.75296340057464,-1.07049537758567,-0.627552920662764,-0.543555486864792,0.019773243765193,3.84354814909936,-0.555535436167169,-0.947938696914453,-0.966918334540888,-0.19972003591271,-1.16418200309283,0.558332138837671,-1.35044253114199,-0.0120680834766737,0.680027541502136,-0.299726995656641,-1.17895621614525
"HD-32-2",0.720413907582487,-0.125862834274069,0.451170167522378,0.765033966649695,-1.10594114613714,-0.196274461120901,-1.01083406565632,-0.752757082624391,-0.549247702248213,-0.660848621220483,-0.957922568785035,1.45836203258607,0.861182158555153,-0.531492418526317,-1.1378842914359,-1.29356764394858,0.0911125937955042,-0.0835173598590921,-0.304784213920913,-0.981927285496094,-0.407249314264913,-1.23650794981001,-0.956232806442255,-1.06251063682124,2.05336074250384,-0.864994470980942,-0.498009094013298,-1.14520351436454,-1.09256445385518,-1.22379181934071,-0.343600895357269,-0.610856331301951,0.909348581601899,-0.935513574792558,-0.437283412011478,-0.402864633596003,-1.02916821165856,4.12991138671412,3.28832976191936,-0.276713633054071,-0.0792195902951507,-0.712965933377731,-1.05836102968126,-0.663949172849601,-1.24206488009618,-0.558786342598344,-0.483078400676371,0.960979547487952,0.239337501295469
"HD-33-1",1.11449355356329,-1.40193919261016,-1.41298156261625,1.77141757430849,-1.45375863106457,0.703455453035592,-0.721661367889387,-0.483372705970618,0.09885750290927,-0.458865127222694,-1.33189881379148,1.13090745286101,0.632962650495693,-0.923895345089775,-1.48037739448066,-0.411715964946691,0.629616807524774,-1.30721953656589,-0.0947596605233758,-0.377301402118146,-1.51487042484286,-0.692004649956256,-1.34785243361335,-1.41202165449676,-0.963515757040004,-1.2631963748762,-1.4296071587032,-0.601183837309975,-1.44357634217804,-1.51289693971638,0.262438706932959,0.553842231728461,-0.993942128339915,-0.716118996562661,1.71642303763776,0.0738744389957762,-1.40487946987653,0.350880622466355,-0.851388190432339,-1.67076752445851,0.425379124739966,0.346328878360881,-1.31550285843438,-0.446176942934967,-0.229493162859649,1.12623691633956,0.547874974624088,-0.601362504362414,-0.432286213453
"HD-35-2",-0.704344015357738,-1.33510089090923,-0.651976640976382,0.277510035970593,-0.741627864450212,-1.26381554772319,-1.33393522020097,-1.06042280413958,-1.38043123515173,-1.48834390019443,-0.569835465821035,0.672316313872091,-0.557190015903188,-1.41474551695278,-0.787529289395875,-1.47978426871333,-0.974138432186759,-1.25047009804169,-1.19405605908827,-1.26461018559743,-1.44118751481355,-0.911573388940639,-1.24980213512034,-1.35558745775094,-0.850862927578058,-1.16349806348295,-0.74744348623359,-0.462109170625792,-1.38244661722827,-1.45526655182826,-1.26410741814793,-0.941413821068193,-0.910223995024025,-1.18139313653759,-0.775137298701579,-1.30530139444365,-1.31081216972214,1.07233490205196,-0.739197611208015,-1.04654175988189,-1.09732141375783,-0.978717679618291,-1.25112193542904,-0.918518074973421,-0.941731652736314,-0.858117944895004,-0.0637241747740861,-1.15891766295233,-0.280973121806742
"HD-36",1.41547150597647,-1.11492038349183,-1.01019631040419,2.84170744040206,-1.07759438893855,-0.930256601775443,-0.978442908823412,-0.72191334066453,-1.12072347626178,-1.22978855605327,-0.159601442423663,0.902687912311149,-0.103338826451263,-1.13876834266537,-1.11111031062461,-1.2748992739573,0.704483328142166,-0.885849447647899,-0.279466832576975,-0.240858133746193,-0.377813312381339,-1.2125965587157,-0.926802239473387,-1.03312944415976,-0.479758986847707,-0.835069240000121,-1.08303499180617,-1.12357757232042,-1.06350352824471,-1.20058628677793,-0.317394269347775,-0.57752037132972,-0.526595131057893,-0.910863946233619,1.67602276464822,-1.02333018180312,-0.290822705004871,0.101244401843497,3.74938754789573,-1.35721286517511,-0.779210031101314,-0.686324101957388,-1.03903659013189,-0.638428430761588,-1.2222735542501,-0.528778102953703,-0.45006656336735,-0.832862430290923,-0.374757760120385
"HD-37-2",-0.533051024880189,-1.24919001370029,-1.21375876560357,1.63745924535221,-1.26731130733762,-1.13366623530956,-0.431128764868857,-0.928341879757219,-1.27909746293953,-0.794961231197724,0.491605917089411,-0.351107183626017,-0.388531185472813,-1.30706368166784,-1.29030107651039,-1.39984145346188,0.343786251122974,-1.10820101032249,0.000482258335522401,-0.461148048747261,-1.31513489953868,0.0539941905083159,-1.12377279356368,-1.22976954981891,-0.706064164700294,-1.03535044198338,-1.24516414575519,0.291456811593842,-1.25800017609821,-1.35589442649838,-1.15188383020643,-0.80062862859875,-0.760538209426668,0.445103378424281,0.646347814324138,-1.19528078222074,-1.18990239093839,-0.206949455435931,-0.564381936297436,-1.50389617238222,0.664295772868081,0.238360176041329,-1.16836965971057,-0.809231620356612,0.200978141347071,-0.0209152255892592,-0.671005558296536,-0.309002503417862,-0.0753521143376122
"HD-38-2",0.303506867400877,-1.29312129530761,-1.28036176086137,0.375715696946234,-1.3293842225227,0.605621242943302,-0.519239575639543,-0.995882620493512,-1.33091537736449,-1.43904776169881,-0.0660513315906067,0.765888115127409,0.433918046263421,-0.320394331619424,0.157975031888492,-0.578198128303779,-0.210650936707395,-1.18095155786268,0.39766125183608,-1.2053107413945,0.221030422381345,-1.42498928999784,-1.18821900427161,-1.29410764208589,0.961429556903486,-1.10087985374475,-0.228187032340781,-1.3156698215411,0.503989392096061,-1.40670923556112,-0.582612079214283,0.328913054804153,0.450301601615524,0.300982349454713,1.9661217509478,-1.25154078858081,-0.559597571039415,4.92663052247397,-0.653775467051313,-1.55188904810552,-1.03667032635308,0.853171117102299,-1.21068576270406,-0.86511620877677,-0.152396922147155,0.87225008185727,2.73782363522078,0.0477206805070289,-0.606747376572591
"HD-44-2",-0.588180259391052,-1.27511305980857,-1.2530599754442,2.12841905750076,-1.30393939974797,-1.17293794031675,-1.2370819020638,-0.968196436060496,-1.30967426688711,-0.0439510865526502,0.43517393968836,1.31180789989505,1.41150303620582,-1.339555972188,-1.32489691533874,-0.304343446522879,-0.174822298970237,-1.1511297783731,-0.487790554894175,-0.511564967190399,0.340696185774632,-0.441725267339404,-1.16180132427259,-1.26773428181247,1.96729693157075,-0.321399392439611,-0.667215349376261,-0.060607091916949,-0.209586455280024,-1.38587931631086,-0.140259901628848,1.42704109451696,-0.805704917623075,0.155415152839805,1.15465050190875,-0.58232105149124,-1.22638612701676,-0.253173275586162,2.78048567961481,-0.981007852889183,0.391191919918917,1.21526032161633,-1.19333961844812,0.70399375293552,-0.400809688351782,0.927802121517019,2.04653724469896,0.615520879598827,0.156221068052726
"HD-47-1",-0.387410251588519,-1.18070634047713,-1.1099325716926,0.649788453931323,-1.17054697258541,-1.02991798746107,-1.08465758776661,-0.823053851532155,-1.19831946173517,-1.3070402208237,-1.02750100708982,-0.328288014135572,0.735842447329779,-1.22122533547346,-1.19890556259949,-1.33611520814716,0.0219924704527981,-0.994791509341343,-0.362485711618591,-1.04651587341137,-1.21465232510967,-1.29100501881698,-1.0233087717297,-1.12947407184954,-0.590638138541562,-0.933197837793824,0.657066805495619,-1.19449175741452,-1.15879795997593,-1.27668014793815,-1.06242503553223,-0.686833178648688,-0.641216503490987,-0.991693179871766,0.311565328758734,0.135357961499365,-1.09351941769074,4.06613318722307,1.95164080436981,-1.42908095420915,-0.874255964010829,-0.77368601945136,-1.10240385895411,-0.722114155271335,-1.28717180198622,0.121709203865614,-0.558316531690208,-0.183102342247993,-1.0976643593757
"HD-48-1",1.90166441579649,-1.09861168738078,-0.985471149425409,1.88025821726836,-1.05455093849862,-0.141175193268553,-0.952111712914773,0.0788792253176471,-1.10148700993196,0.217436035195139,-0.902576935299339,1.29295445362587,-0.0686987108178568,0.506451269361409,-1.08934539072277,-1.25972351132334,-0.616641429004816,-0.858842118739293,-0.895617463952195,-0.930550790116039,-1.09419905936415,-1.19315867551195,-0.902877745866782,-1.00924508757472,-0.452271442804988,-0.810742627535118,0.873908118457637,-1.10599756060271,-1.03987952094287,-1.18172220522545,0.577472748271274,1.40137242214035,-0.498179870164748,-0.270888442291575,1.7295377465917,0.900697054166794,0.630704162576597,0.140345644827721,-0.257977757948381,-0.236980299421588,-0.755647628007313,0.64010475576966,-1.0233274999557,-0.61768228504287,-0.708433611317923,-0.504384011657966,-0.423230808165027,-0.061532129109889,0.614575849983287
"HD-49-1",0.337584465103167,-1.27995647523612,-1.26040294298237,-0.440136888726859,-1.31078292682118,-1.18027539522477,-1.24490183565146,-0.97564278985901,-0.106054591069151,-1.42358847048332,-1.17853070868675,0.548900180553797,-0.45387998944676,-0.713204820419609,-1.33136073979866,-0.958961623501911,-0.890777487791738,-1.15915051237919,-0.497289194544001,-0.520790376710809,-1.36027694749976,-0.227031224390917,-1.16890650672503,-1.2748275442274,-0.757919595738192,-1.08124275499265,-1.28231432164428,-1.301478761168,-1.30256701988664,-1.39148163932894,-0.1512303476102,-0.0941974425749777,-0.814143784351019,-1.11363884576583,0.889619052416924,-1.23468143838994,-1.23320268281188,3.96175066694863,3.43977098239659,-1.53750709632778,-0.338527928152799,-0.266929979002858,-1.19800496074122,-0.848369359506652,-0.887331350397981,1.68896533601289,-0.721631385437779,0.602429767051966,-0.15028390435994
"HD-50-1",-0.280754931518439,0.652515879940809,-0.268949724934484,2.33262264993042,0.142452344753831,-0.189566496809238,-1.00368501519084,-0.745949562011508,0.0511144872934837,-0.655649000457321,-0.951184611118823,1.47026852268712,-0.136546185753606,0.106479513182236,0.107247558797581,-0.819938343916407,-0.664928924813898,-0.911739721351252,-0.935927878539273,-0.975672543629265,-1.14106715459063,-1.23123046798018,-0.949737187604885,-1.05602591538457,3.53655977392299,-0.858389674876361,0.800668804795549,-0.596538590877478,0.161414329074663,-1.21867012750904,-0.996912774347282,0.231679065886435,-0.553835103006445,-0.930073156612,1.62465563483125,-1.04335184504092,0.556440388525877,3.80438711643101,2.1643063479835,-1.37429244368413,0.916025006534401,1.17465440535589,-1.0540959336778,-0.658316491249351,-1.23769673764353,1.59994557003551,1.04159310712618,-0.108834826058748,0.24494980283439
"HD-51-1",-0.378435344578574,-1.17648613081341,-1.10353442909498,-0.23907877793012,-1.16458400708714,-1.02352464817949,-1.07784385068584,-0.816565625459036,-1.19334163146915,0.0572389884545683,-1.02107908123817,-0.326782623819,-0.234106154001859,0.221513476077575,-1.19327344310481,-0.862679163155585,1.11607245850191,-0.987802808977115,0.181894685426428,0.571911046848415,0.605856296520146,0.0510362133851758,-1.01711781823895,-1.12329350463646,1.4163515612172,-0.926902827799688,0.0611262205326137,-1.18994256875872,-1.1526847634805,-1.2717986798721,0.35611236900404,0.125031756374569,0.226210988304944,-0.3665704369164,1.97222188236477,0.723905816088516,0.642353421639142,-0.046363796208332,5.93356166320113,-0.0736307499322946,-0.139183124484268,-0.768081698630557,-1.09833880962593,-0.0748996847502125,0.173084296128889,0.979469245731772,2.03145973003033,0.965258116804523,0.421320996083459
"HD-53-1",0.652709422554338,-0.655765498917802,-1.07903343357434,-0.207675893119499,-1.14174947523139,0.683428761004546,-1.05175138101237,-0.791719665005827,-1.17427956850486,-1.28310700106219,-0.996487010316893,0.807934797421612,-0.199780095672177,-1.19567946101737,-1.17170585025962,-1.31714999347864,0.580068790411583,-0.96104033632094,-0.973497222530235,0.752725908140443,0.0454500167757836,-0.113261632729493,-0.993410231008601,-1.09962569053384,-0.556286838639553,-0.902796767436771,-1.13786093959173,-1.1725219425101,-1.1292749382592,-1.25310562553709,-1.03580169947022,-0.652967145494752,0.264322710948481,-0.346714101159257,0.896406216218118,-1.08147737131573,-1.06483541522041,-0.00761705639822208,1.24968331120471,-0.304399535721209,-0.844809929332859,-0.746620557802301,-1.0827721426032,-0.696187609331585,-1.26706577540646,-0.59669349766396,0.944810686208388,0.707612343881388,0.165149641871354
"HD-54-1",-0.370065288398258,-1.17255033605377,-1.09756748002995,1.61930376254149,-1.15902290699256,-1.01756217871799,-1.07148931552455,-0.810514663963565,-1.1886992748479,-1.29746272209215,0.766254101637322,-0.325368675377623,-0.22574641851748,0.230084529187673,-1.18802089212768,-1.328525785527,0.0343217738450414,-0.981285101928877,-0.988924668285398,-1.03499488274219,-1.20268543894625,-1.28128410303615,-1.0113440950717,-1.11752946777878,3.12925055508811,-0.921032060866036,-1.15262254810228,-1.1856999660686,-1.14698355698874,-1.26724619126024,0.502334874865534,0.976915913984232,-0.627005987091787,0.40056011424893,0.330156094422828,-0.450975475408826,-1.08204077001973,3.51693533781722,3.02342888146692,-1.42017089986135,0.354706548196571,1.03817811008485,-1.09454771839624,-0.711738975361333,-1.27912585388634,0.991498603688857,-0.544895928556505,-0.171024488712997,-0.447803053903396
