class,ENSG00000005381,ENSG00000012223,ENSG00000049768,ENSG00000073712,ENSG00000075131,ENSG00000078018,ENSG00000086548,ENSG00000094963,ENSG00000096696,ENSG00000100448,ENSG00000100985,ENSG00000101425,ENSG00000103037,ENSG00000103175,ENSG00000112077,ENSG00000114739,ENSG00000115423,ENSG00000115590,ENSG00000117318,ENSG00000117519,ENSG00000117560,ENSG00000117643,ENSG00000118113,ENSG00000118520,ENSG00000124107,ENSG00000124469,ENSG00000128596,ENSG00000132386,ENSG00000133063,ENSG00000134121,ENSG00000137103,ENSG00000147174,ENSG00000152583,ENSG00000154016,ENSG00000155275,ENSG00000155659,ENSG00000156042,ENSG00000159713,ENSG00000159899,ENSG00000160185,ENSG00000163687,ENSG00000165138,ENSG00000166428,ENSG00000172232,ENSG00000175445,ENSG00000178038,ENSG00000179593,ENSG00000179639,ENSG00000181007,ENSG00000184206,ENSG00000186854,ENSG00000196081,ENSG00000196533,ENSG00000196634,ENSG00000197353,ENSG00000197457,ENSG00000198178,ENSG00000198502,ENSG00000198610,ENSG00000198722,ENSG00000204219,ENSG00000211786,ENSG00000211793,ENSG00000211800,ENSG00000213160,ENSG00000225113,ENSG00000228486,ENSG00000229391,ENSG00000229807,ENSG00000230063,ENSG00000231027,ENSG00000232021,ENSG00000237702,ENSG00000239219,ENSG00000239961,ENSG00000254977,ENSG00000256862,ENSG00000266088,ENSG00000266371,ENSG00000268632,ENSG00000269161
1,-0.692164274,-1.205037867,-0.531086942,-0.602246087,-0.738620439,-1.253387072,-0.397874226,-0.579207759,-0.597077557,-0.591511625,-0.560112314,-0.73423345,-0.599521505,-0.591404973,-0.614138546,-0.610855633,0.617717798,2.504847427,-1.028825671,-0.594208016,-0.790177979,-0.696605451,-0.533524563,-0.681783477,-0.672776933,-0.529689781,-0.509340849,-0.852189782,-0.591962981,-0.514863338,-0.708068722,-0.935356814,-0.587878754,-0.716727171,-0.645448531,2.510165732,-0.664579872,-0.815399773,-0.547336352,-1.074461503,3.025098559,-0.568319081,2.510080267,-0.440898892,0.459809131,-0.517535465,0.558080331,-1.050327769,-0.660384667,-0.505087925,-1.1773412,-0.548980131,-0.578101157,-0.616183694,-0.640416398,2.935906907,-0.703471514,-1.109345956,-0.655381544,-0.824124997,-1.003320473,-0.687653457,-0.750842332,-0.761701505,-0.519328853,-0.736248364,-0.47608267,1.177887871,-0.584815881,-0.430236407,-0.994851275,-0.685758962,-0.722806972,-0.600935916,-0.743839625,-0.477588412,0.124648246,-0.53600957,-0.802480591,-0.651817101,-0.568427393
1,-0.802001723,-0.895568501,-0.696662452,2.085437732,-0.834160858,1.043433924,-0.519068555,2.283136632,-0.689459361,0.124316724,-0.039831483,0.794187067,-0.71166734,1.640169175,-0.181628764,-0.717188527,-0.691343382,0.460421617,-1.153205769,-0.686683618,0.230424977,-0.735151861,-0.636631088,-0.798090702,-0.773728407,-0.193138186,-0.657633309,-0.961069641,-0.687214739,-0.692275229,-0.788912936,1.719483857,1.463258736,-0.79688867,-0.754456637,0.618193836,-0.759656714,-0.915150866,-0.649647833,-1.202963245,-0.957830897,-0.684617013,-0.943245189,-0.542917194,2.3466441,-0.610864523,0.743735269,-0.082659276,-0.745532086,-0.673986539,-1.314100982,-0.696323906,0.709190744,-0.707759406,-0.729007534,-0.752622564,-0.791840941,-0.276555413,-0.743921464,2.793371594,-1.130843865,-0.763492228,-0.843344197,-0.837115311,-0.668944365,-0.829704719,-0.559513297,-0.82011018,-0.676199224,-0.652443182,-1.108119779,-0.76790902,-0.793559595,0.7577107,-0.80988922,-0.679309893,-0.150411969,-0.61079225,-0.917575578,-0.74282599,-0.704518006
1,1.125716511,1.592451351,-0.706399232,2.439575253,-0.852603994,-0.172151245,-0.533618859,-0.691015681,-0.704561595,-0.716546923,-0.65998546,2.084280271,-0.723490914,2.563283099,3.188070867,-0.731153386,-0.703591027,-1.146338988,-1.177556894,-0.701846982,-0.897254,-0.7416053,-0.657453451,2.02963324,1.882818365,1.503443296,-0.670012688,-0.982160384,-0.700853277,-0.701468114,-0.80386961,-1.091630469,-0.704303495,-0.808949731,-0.767197824,-0.789297029,-0.774702701,-0.934225893,-0.664783651,-1.228464331,-0.982232877,-0.696709105,-0.967232048,-0.554625119,-0.682753951,-0.624748264,-0.442162217,-1.218112586,-0.761650077,-0.686093408,-1.341386066,-0.706836666,2.958168913,3.005896439,-0.742083875,-0.76613231,-0.808524982,-1.269423618,3.220997651,1.681041454,-1.156552029,-0.775516504,-0.86083163,-0.85074311,-0.681506669,-0.847509129,-0.569368351,-0.843630145,-0.694447672,-0.664410575,-1.129731195,-0.782341737,-0.806298532,-0.744710682,-0.821627551,-0.689315172,-0.83943095,-0.623725324,-0.940697382,-0.75799231,-0.717245608
1,-0.303559396,1.200308993,0.077816338,0.034788672,-0.358229747,1.092884937,-0.080441467,0.073543164,-0.010662681,0.016241919,-0.092256692,1.388154223,0.095187866,1.872756379,1.035438975,0.002619924,0.153936578,-0.292609894,-0.689759034,-0.011844593,-0.278357277,-0.478267791,2.645665706,-0.335558242,1.445705738,1.313009407,0.092510146,-0.491959362,0.091906314,0.168836154,-0.154534794,2.214126768,-0.034903193,0.016882146,-0.016742058,-0.332844692,0.002406927,-0.41973031,0.094930806,-0.751784032,-0.438945789,0.151764452,-0.472842221,-0.008412362,0.047402343,-0.153583828,-0.027155648,-0.720733075,-0.143133367,0.060888814,-0.834244977,0.086778982,0.066050723,0.159264383,-0.076273633,0.015115769,-0.190743408,-0.793272305,-0.187916342,0.776668533,-0.690747965,-0.02060806,-0.272259302,-0.179825161,0.033449283,-0.283819728,0.021475887,-0.404720159,-0.233297552,0.202029168,-0.617773775,-0.089956205,-0.130804862,0.044668626,-0.157164863,0.126579336,-0.210891473,-0.164837325,-0.465909669,-0.059105564,0.031821991
1,1.38460458,0.807173339,-0.594799369,-0.632073201,-0.76323742,1.155395543,-0.431088715,-0.607201932,-0.62558363,-0.62220185,1.833407175,1.224023789,-0.651404115,1.202414399,-0.639482345,-0.655880728,-0.606305169,1.065763054,-1.0606413,-0.622333748,-0.813918768,-0.707403018,-0.561375923,1.102212483,0.767339609,-0.06627852,-0.572315362,-0.880176831,-0.619113957,-0.586402046,-0.729406193,0.941978154,2.425655925,-0.74383801,-0.700611997,0.579111157,-0.694427365,-0.841242596,-0.575253578,-1.107061628,-0.866505478,-0.617787216,-0.853939007,-0.486152001,-0.600223716,-0.555617445,-0.332885273,-1.085008452,-0.682556143,-0.564308744,-1.211959466,-0.615502611,-0.606666828,-0.642588853,-0.676473068,-0.692445801,-0.726519622,-1.142399954,1.361564128,2.864899874,-1.035416159,-0.713982773,-0.774955701,-0.781884896,-0.577168641,-0.760503358,-0.519368131,-0.734635277,-0.607900415,-0.496393341,-1.024245317,-0.710327302,-0.741782776,1.698352148,-0.761692416,-0.540805338,-0.766924203,-0.560112378,-0.831478453,-0.68240247,-0.631234321
1,2.754142722,1.795374238,-0.735541281,1.894227097,0.380399207,2.386563318,3.643573253,0.711977033,-0.751932376,3.290080913,0.092187407,2.743063035,-0.759447592,0.500304791,3.012988404,-0.774368628,-0.741022925,0.011279364,-0.879859667,-0.749483693,-0.065154629,-0.760355102,3.004888585,1.029901009,1.21212225,3.464021994,-0.708096367,-0.391721883,1.026449629,-0.728889274,-0.850213846,-0.092720323,-0.758822974,-0.845372221,-0.80604431,0.189044506,-0.821350354,-0.994892515,-0.712451144,-1.312032256,-0.324800794,-0.733662251,-1.046737031,1.578391344,-0.728844314,-0.668745251,-0.476186726,-0.633716323,-0.81242511,-0.723132893,-1.431408449,-0.086290988,-0.075696355,1.239230467,-0.782244662,-0.807574597,-0.860991679,0.517034538,-0.337103091,1.728611792,-1.242223604,-0.811967055,-0.915909902,-0.892290164,-0.720151516,-0.903922107,-0.599233667,-0.92369133,-0.754519767,-0.699675343,-0.097306089,-0.826940564,-0.845035974,3.819379214,-0.320029291,-0.719355269,-0.883929979,-0.664374201,-1.017342148,-0.80526444,-0.756268315
1,1.220121673,1.190241587,-0.72694674,-0.75738877,-0.893598777,-1.493989206,-0.566369831,-0.72243063,-0.737601445,3.083930804,-0.689527436,-0.938171732,-0.748751578,3.980823931,-0.781498171,-0.761390585,-0.729858285,1.332548467,-1.232217387,-0.73505979,-0.933814644,-0.754912844,-0.706016023,-0.878204502,2.871778784,-0.685047439,-0.696696555,-1.029095179,-0.730385024,-0.720817006,-0.836284908,-1.152461485,-0.742174693,-0.834578401,-0.794472151,-0.847197915,-0.807327616,-0.976389615,-0.698000035,-1.286118391,-1.03761365,-0.722641039,-1.021917282,-0.580209672,-0.714914853,-0.65535614,-0.465834217,-1.284335776,-0.797025491,-0.712078868,-1.403374583,-0.729139718,-0.724856889,4.144556353,-0.770232953,-0.79518832,-0.845093736,-1.332871006,-0.798432105,0.886438896,-1.215385897,-0.801142427,-0.899204782,-0.879913106,-0.70858367,-0.886754935,-0.590368487,-0.89831806,-0.735843175,-0.689167584,-1.177465796,-0.813556893,-0.833512268,-0.764044168,-0.846538836,-0.710480965,-0.870608495,-0.652060087,-0.993412948,-0.79101155,-0.744608531
1,-0.500130064,-1.030888438,-0.201771666,3.614743986,-0.564684868,1.617461996,-0.226195964,2.81616163,-0.301514957,-0.282793431,-0.307080333,-0.584408827,-0.223799422,0.856694505,-0.397629524,-0.279067516,-0.162075181,0.788509439,-0.856611301,-0.292974649,-0.561274148,-0.625609961,-0.356225453,-0.509576707,-0.501218592,-0.35232993,-0.183839684,-0.70019161,-0.224142104,-0.145095766,-0.422078564,2.449720275,-0.314352481,-0.321482444,-0.305423025,-0.486321168,-0.319133545,-0.652422986,-0.20924727,-0.900653712,-0.664850864,-0.178873802,-0.665966273,-0.206995699,-0.259338171,-0.320698237,-0.154239114,-0.870357497,-0.397530674,-0.198988759,-0.992869868,-0.205140321,-0.248360359,-0.206925619,-0.335309106,-0.294677303,-0.454310869,0.069205032,-0.411687832,2.726188637,-0.834042272,-0.329408267,-0.523745488,-0.464257749,-0.220367933,-0.521657997,-0.206986347,-0.562845314,-0.39854317,-0.088286019,-0.831766724,-0.376434613,-0.408163996,2.063227139,-0.442813484,-0.150834269,-0.479476485,-0.335267195,-0.65005352,-0.331258861,-0.243792433
1,-0.848635223,1.213036199,-0.716626579,-0.739221548,-0.872633845,-0.60674412,2.301762285,3.389360936,-0.720800184,-0.735619198,-0.674512606,-0.90756773,-0.736010545,-0.305082434,-0.757646008,-0.746069043,-0.716592187,-1.175883157,-1.204165028,-0.718163612,-0.915258063,-0.748281521,-0.68076122,-0.849105324,-0.816164209,-0.663705908,-0.683196639,-1.005084889,-0.715421093,-0.71110758,-0.81985382,-1.120965426,2.223843314,-0.82167565,-0.780706058,-0.816987632,-0.79078814,-0.954868745,-0.681091409,-1.256459343,1.018221799,-0.709544626,-0.993700875,-0.567204459,-0.698568212,-0.639748909,-0.453763674,0.576270395,-0.77901569,-0.698951489,-1.371427209,-0.717917456,-0.708283486,-0.731901792,-0.755997807,-0.780499306,-0.826484834,0.470605346,-0.779270946,-0.996633941,-1.184984202,-0.788227973,-0.879669401,-0.865190284,-0.694884945,-0.866743706,-0.57978663,-0.50350065,-0.714522937,-0.676670248,0.35879883,-0.797745681,-0.81978621,-0.754351708,-0.834002494,-0.699841426,-0.854835162,-0.637643171,-0.966212007,-0.774248438,-0.73077735
1,1.503774985,0.857292128,0.311428404,1.513626288,-0.185724465,0.815591433,0.041344907,0.335784209,0.232361342,0.266103376,0.087240975,0.283013319,1.62938532,0.558462953,-0.048059947,0.237986192,0.417982813,-0.14081826,-0.499271466,0.223055947,-0.041963748,-0.172827702,-0.079925135,0.487669731,-0.17942458,1.030837419,0.32341653,-0.30868074,0.35598318,0.431144564,0.069013612,2.486351657,2.216489308,0.299605475,0.224467708,-0.204606154,0.271072725,-0.225302022,0.34908931,-0.62241005,-0.250188938,0.428031977,-0.302199101,0.157515587,0.303701914,-0.013950003,0.079029992,-0.590026106,0.069430405,0.278031667,-0.704845724,0.330694567,0.3287595,0.465237466,0.140165597,0.27396593,0.029482562,-0.676696487,-0.000942225,0.32944166,-0.550479324,0.237412504,-0.062127942,0.057834837,0.245528355,-0.085091998,0.212369394,-0.269421087,-0.095225211,0.444604422,-0.406117163,0.149413195,0.100944855,0.292361512,0.081511203,0.358374567,0.013526952,-0.022433239,-0.304610488,0.168294373,0.2621139
1,1.624474488,1.861046049,-0.710809266,1.183219104,-0.861154509,1.126531289,2.094714717,-0.697643327,-0.711515126,-0.724693886,1.090937145,2.02561193,-0.728876576,0.849396987,-0.744768364,0.484778981,-0.709179697,1.003293191,-1.188893899,-0.70883233,-0.904971941,-0.744496903,3.463496694,3.031190011,0.793520279,1.789640447,-0.67567442,-0.991944419,1.554270333,-0.705626754,-0.810726639,1.263154775,1.178041833,-0.814429856,-0.773006564,-0.172292542,-0.781602525,-0.943047621,-0.671762621,-1.240375702,-0.993649348,-0.702226645,-0.978475777,-0.013137759,-0.689527502,-0.631162118,-0.447122483,-0.253443983,-0.769081558,-0.691619744,-1.354155825,-0.711609825,-0.699116151,2.605415332,-0.748060595,-0.772304721,-0.81621275,-0.691746372,2.104865899,1.863764659,-1.168620684,-0.780987296,-0.868893401,-0.856955686,-0.687251895,-0.855733498,-0.573852347,-0.854748421,0.184842952,-0.669681924,-1.139722155,-0.788952489,-0.812100715,2.045890786,-0.82695783,-0.693851962,-0.846046319,-0.629683399,-0.951535664,-0.764959881,-0.723059621
1,1.215224523,0.997588389,-0.72225985,-0.749074351,-0.883978744,1.254697775,0.871013867,-0.715142373,-0.729917702,0.421145827,0.445540933,1.354642123,-0.742951593,-0.327680237,1.371947267,-0.754397696,-0.72381485,0.724824016,-1.219318027,-0.727330799,-0.925337015,-0.751914316,1.900578518,0.664332515,0.162902387,0.790334748,-0.690540562,-1.01807622,2.031674362,-0.716409682,-0.828783978,0.231682747,-0.733305254,-0.828710863,-0.788203091,0.632251942,-0.799776789,-0.966525642,-0.690262688,-1.272462093,-1.024466593,-0.716674998,-1.008901513,-0.574263216,-0.707441087,-0.648206947,-0.460305287,-1.268424585,-0.788783379,-0.706097679,-1.388647759,-0.724037976,-0.717279808,-0.7387807,-0.763743172,-0.788492901,0.408853525,-0.342779627,0.977393471,0.922415838,-1.201348951,-0.795266223,-0.890264481,-0.873208306,-0.702337017,-0.877588474,-0.585554172,-0.885156698,-0.726019477,-0.683475919,-0.71433104,-0.806341985,-0.82726382,0.49410287,-0.840839214,-0.705646804,-0.863415658,-0.645464375,-0.980865283,-0.783352379,-0.738304615
1,0.08370933,0.472470352,0.254765626,0.212610813,0.759472103,0.761913043,-0.002578218,-0.659168097,-0.671264752,0.712007704,-0.630144893,0.472614599,-0.697193703,-0.658506598,4.486130517,-0.700247206,-0.674919027,-1.089387776,0.558328308,-0.668429218,-0.860117139,0.262272601,-0.612510931,-0.770113109,-0.283098898,0.118476968,-0.642570731,-0.93593023,-0.670671335,-0.680904508,-0.025900223,0.695239703,0.603873276,-0.782068495,-0.73887967,-0.7363424,-0.741421961,0.017783927,-0.631452447,0.582491122,-0.929087421,-0.669853423,-0.91506408,-0.528800141,-0.650286684,-0.594215614,-0.392906127,0.652295495,1.633074116,-0.659212692,0.278929472,-0.683392312,-0.659316872,1.042278328,-0.713080837,-0.736159188,-0.771760159,0.882881879,1.160028344,-0.212243865,0.43629848,0.142570913,-0.1630962,-0.045567678,-0.653658227,-0.808350296,-0.547431605,-0.792801119,-0.654701228,-0.630842548,-0.183089506,0.569649664,0.522708701,0.220334957,-0.795451896,-0.666978383,1.010851192,0.651614508,-0.89040998,-0.724493261,-0.689003674
1,-0.805835905,0.130995699,-0.698380369,-0.708296897,-0.837373014,1.302955553,-0.521594694,-0.679117158,-0.69209953,-0.702018967,-0.648825752,1.614494059,-0.713746806,-0.681925272,1.81335297,-0.719636259,-0.693495297,-1.124501799,-1.157437284,-0.689333704,-0.883389912,-0.736297416,-0.640216105,-0.802243204,-0.777227106,-0.62876197,-0.659805588,-0.964741525,-0.689605191,-0.693898291,-0.79153398,1.760402387,-0.690192875,-0.799012889,-0.756696398,-0.768923332,-0.762292964,-0.918477599,-0.652291726,-1.207386365,-0.962059644,-0.686741626,-0.947397709,-0.544964601,-0.670608358,-0.613287273,-0.42550738,0.345389447,-0.74834773,-0.676113318,-1.318828689,-0.698176186,-0.679929454,1.373351978,-0.731302953,-0.75499456,-0.794756473,-1.246816245,2.606829767,0.465850332,-1.135290983,-0.765608369,-0.846399362,-0.839511034,-0.671148787,-0.832811818,-0.561247573,-0.019953034,-0.679361822,-0.6548828,0.507380841,-0.770439519,-0.795800171,2.242622012,-0.811957314,-0.681074052,-0.827503319,-0.613052595,-0.921578361,-0.745480675,-0.706752899
1,-0.73137918,-1.252333894,-0.621827834,-0.644762685,-0.773492288,-1.305107567,-0.445179163,-0.619098026,-0.637700796,-0.635278542,-0.601054754,-0.77638567,-0.662083707,-0.62301853,-0.650162989,-0.667308521,-0.634083721,-1.037695612,0.596215078,-0.634288183,-0.823714333,-0.711717335,-0.571836382,-0.722770469,-0.708979569,-0.568067428,-0.599030785,-0.89184985,-0.630633841,-0.616750622,-0.738195541,-0.981561121,-0.630409274,-0.754915897,-0.710556204,-0.688821669,-0.707090652,-0.851980453,-0.587134768,-1.120737171,-0.276722035,-0.628570226,-0.866594642,-0.501293019,-0.612217924,-0.564776592,-0.345170746,-1.099670406,-0.691749092,-0.589431753,-1.226492435,-0.643723173,-0.618813578,-0.65376644,-0.684281262,-0.704140425,-0.73606824,-0.069445947,-0.687794116,-0.86707395,-1.048924662,-0.721813386,-0.784947245,-0.790141747,-0.60170578,-0.770574443,-0.525385576,-0.746567312,-0.617606055,-0.524458829,-1.036447435,-0.71884682,-0.749537605,-0.697146158,1.100274343,-0.567623598,-0.775544509,-0.567525601,-0.8436814,-0.691711176,-0.656342679
1,1.837705427,1.854114661,-0.552236018,1.426897208,-0.746858126,1.278342802,3.787062387,-0.588491158,-0.60652942,2.745325505,2.235205668,2.283812618,-0.62365089,3.987653258,-0.622574045,-0.632163518,-0.558196813,-0.35591828,-1.039457857,-0.60353412,-0.798157324,-0.700289066,1.363236152,2.609872007,2.615634941,2.49363852,-0.530244978,-0.283184104,2.38210933,-0.538610316,-0.715245707,2.053740854,2.322882132,-0.725747273,-0.667285433,1.775576192,-0.674485453,-0.182480524,-0.556587583,-1.085336276,-0.845913511,-0.593329788,-0.833884827,1.951246261,-0.581368183,-0.530176621,-0.313538598,0.607991871,-0.667819582,-0.52474603,-1.18888581,-0.571061993,-0.587571188,-0.624956375,-0.660010804,-0.673994631,-0.711203372,-0.448350956,4.614579197,0.879550324,-1.014011302,-0.696411437,-0.758931103,-0.76851204,0.38596876,-0.744376911,-0.493364403,0.450528168,-0.592507892,-0.452196927,-1.004703676,-0.695305205,-0.729213065,-0.62335974,-0.749877644,-0.498573009,-0.753002283,-0.548217591,-0.81213953,-0.663435938,-0.589275892
1,-0.717861587,-1.236015805,-0.590419167,-0.630018533,0.17331537,0.762473649,-0.428805234,2.698743661,-0.623621066,-0.620085598,-0.591978193,-0.761776839,-0.649670998,-0.612164597,-0.637747053,0.316474218,-0.60135433,-0.721688245,-1.058475028,-0.620397478,-0.812315508,-0.706689129,-0.559681754,-0.708581005,-0.696520411,-0.557062866,-0.567985892,0.895163289,-0.617246949,-0.581483791,-0.727966787,0.53704574,2.43076727,-0.741980333,-0.69881335,0.226690493,-0.692375014,-0.83948941,-0.57333002,-1.104836298,-0.864394528,-0.616038297,-0.851881997,-0.483040869,1.645250102,-0.552999325,-0.330894303,0.0123969,-0.681054037,-0.560237339,-0.798052865,-0.61092922,-0.604699707,-0.640775908,-0.67519281,-0.690548839,1.383919981,0.116094101,0.46235713,-0.852256183,-1.03322063,-0.712178054,-0.773322763,-0.780529496,-0.573192181,-0.758858608,-0.518379965,-0.732701016,-0.606322252,-0.491845081,-1.022252455,-0.708931651,-0.740509332,-0.663844354,-0.760497443,-0.536459202,-0.765510944,-0.558900568,-0.323521614,0.235144705,-0.626916372
1,-0.796334413,-0.641804783,-0.694097575,0.683269432,-0.829397215,-0.09984992,-0.515324482,1.415542764,-0.685536536,-0.694404804,-0.028214047,-0.847945077,-0.708567886,-0.674494874,-0.709767582,-0.713546656,-0.688137621,0.396260152,-0.685005458,0.574918261,-0.876071777,-0.733435979,-0.191983155,1.291753231,-0.317283268,-0.621009656,-0.654399378,0.257915409,-0.683658178,-0.689851095,-0.785013584,-0.397312681,1.484093111,-0.793720156,-0.751119105,-0.349820586,-0.755735123,-0.910213854,-0.645721161,-0.836208657,-0.072882319,-0.681451901,-0.937105852,-0.539874609,-0.664209061,-0.607268057,-0.415053593,-0.27812222,-0.741350104,-0.670818533,-1.307107972,-0.693560434,-0.673438923,-0.70468375,-0.725589602,-0.749090234,-0.109773934,0.4489789,0.749073683,-0.938565105,-1.124271305,-0.76033702,-0.838806189,-0.833545273,-0.66566254,-0.825092199,-0.556927594,-0.814132006,-0.671520916,-0.647721425,-1.10252429,-0.764143397,-0.790219886,-0.7330676,-0.073293563,-0.676676873,-0.821184842,-0.607434186,-0.463224815,-0.738879008,-0.701189671
1,-0.822407552,-0.067340149,-0.705646078,0.086628826,0.61556904,1.859310929,-0.076546739,-0.689889833,-0.703381251,0.071120016,-0.658928894,-0.877412694,-0.722573058,1.549045571,0.770690984,-0.730065144,0.787197437,1.393777737,-0.735480042,0.824778992,-0.895942636,-0.741109518,-0.232563314,0.359252889,0.260549258,0.36258372,-0.669049226,-0.516731093,-0.69979043,-0.700757577,-0.138043462,1.623397304,1.025573072,0.053924338,-0.766208189,0.508609557,0.047723366,-0.932730956,-0.663599612,-0.3413331,0.287542077,-0.695769373,-0.965336354,-0.553710377,0.103892927,-0.623660904,1.149636194,-0.469835153,-0.760389267,-0.68515231,-0.986090929,-0.706022229,-0.691080914,1.29054711,-0.74106658,-0.765081551,0.24166559,0.243737441,1.127075969,1.599703343,-0.249903445,0.010498876,0.119972269,-0.849684654,-0.68052899,-0.846114789,1.229563979,-0.461289118,0.211951166,-0.663512574,-1.128037894,-0.781217412,-0.805309669,-0.743999308,-0.8207181,-0.688540693,-0.838305166,-0.622714182,-0.509457048,-0.756808614,-0.716255795
1,1.435531869,0.332412305,-0.500454065,-0.587958634,-0.726579392,0.654138456,-0.381904729,-0.565781864,-0.583410267,1.432201991,1.688693953,0.751795809,-0.564571871,0.722206976,0.885736676,-0.579992732,-0.499668886,1.066123259,-1.013308173,-0.580722042,-0.778453234,-0.691091079,1.372553934,1.075834141,-0.660427749,0.516862406,-0.47906276,-0.838517978,2.204438163,-0.480467592,-0.696470136,1.459382201,-0.573610451,-0.682955562,-0.613819389,1.0089725,-0.650240528,-0.802725979,-0.533968979,-0.632597129,0.219567179,-0.532092916,-0.809311957,-0.419141238,-0.558499043,-0.499225684,-0.290001715,-0.356173623,-0.646668004,-0.476614608,-1.160532912,-0.516996183,-0.564410493,2.005400945,-0.612035345,-0.625627619,-0.692136896,-0.770341363,0.88975189,1.258523927,-0.987776979,-0.65929791,-0.738984907,-0.751645668,-0.491519535,-0.724346247,-0.451051354,-0.692976686,-0.020313369,-0.398428213,-0.980420714,-0.671928069,-0.704465307,-0.568456661,0.253099643,-0.447193771,-0.735510803,-0.517336532,-0.788439044,-0.621998803,-0.538229878
1,-0.521126343,0.45633876,-0.745468662,1.680684414,-0.933398803,1.743295004,-0.598735219,-0.751995856,-0.768894674,-0.192069308,0.251948787,0.333204742,-0.771902178,1.283421667,1.619923298,-0.226463384,-0.754055884,0.54003216,-1.286132443,-0.766571109,-0.968190548,-0.766551272,0.580392901,0.544992469,0.310246965,-0.16479046,-0.721449911,-1.074691037,0.895294336,-0.738197676,-0.866597304,1.071800648,-0.229456827,-0.85789656,-0.819538056,-0.065815458,-0.83784453,-1.016987207,-0.729589536,-1.059974817,-0.673810062,-0.746526938,-1.077129689,-0.60440697,0.245465016,-0.684693043,0.402912654,-0.574356013,-0.830702075,-0.736044348,-0.96870526,-0.749387362,-0.755669128,1.756296377,-0.796305365,-0.822062998,-0.879843273,-0.075880273,0.324488876,1.927014709,-1.275233916,-0.824551892,-0.935740031,-0.906724101,-0.733702428,-0.924370896,-0.168265204,-0.955298917,-0.424199378,-0.711929614,-1.223397661,-0.312242263,-0.858456268,0.915325412,-0.869169229,-0.729621598,-0.429367315,-0.678973939,-0.694003458,-0.822079868,-0.769903164
1,-0.305543157,1.229774646,-0.70062699,-0.712026773,0.367615301,-0.302229472,-0.524924323,1.065231886,1.366426475,0.594658009,1.675502595,0.698350501,0.16950599,0.031841978,1.179165244,0.062489736,-0.696315268,-0.150136882,0.351305204,-0.692815524,-0.228552578,1.003279739,0.581336388,0.492494191,-0.067894031,0.388251324,-0.662654028,-0.969574791,1.66174446,-0.696020151,-0.794973089,0.549229462,0.042144193,0.089153161,-0.759630754,0.46380099,-0.765752326,0.920220346,-0.655766306,1.021781097,-0.967638291,0.832258631,-0.489117945,0.032012247,-0.673989342,0.738855661,-0.431106107,0.456461939,-0.752047869,0.124711268,-0.547719841,-0.70060016,-0.683358495,-0.712524941,-0.030605276,-0.758104003,0.584690865,1.819005087,-0.161510414,-0.282997297,-0.008570385,0.042633933,1.179397686,0.70733987,-0.674039345,-0.836896954,0.502354513,-0.829524287,-0.683533855,-0.657544802,1.090566966,-0.773759011,0.398326129,0.718029784,-0.110646331,-0.683381877,0.267981392,0.554485108,-0.48904898,-0.748965916,-0.709682472
1,0.833848267,2.295540052,0.00767588,-0.042348315,-0.410023302,2.129441677,3.877452599,1.242061458,-0.083629015,1.129598084,1.382911673,2.174477211,0.01516328,-0.281725472,-0.254962961,-0.068047221,0.074658465,1.53203048,-0.744211089,-0.082371907,-0.34933285,-0.566838569,3.381091008,2.285668856,0.96653412,1.753589551,0.023182051,0.694459447,2.718301186,0.090079812,-0.221653706,-0.040727788,2.229819511,-0.068003639,1.05806309,1.582674528,-0.078258178,-0.478106101,0.018621418,-0.788871349,-0.495618769,0.068816979,-0.524076674,1.889703687,-0.029549886,-0.195507948,-0.059037175,-0.757712974,-0.206954215,-0.004306873,-0.304217891,0.013544962,-0.012825827,0.067398016,-0.141258061,-0.062602257,-0.25686478,0.004637011,-0.244054068,2.030074776,-0.726322795,-0.098077006,-0.335349835,1.7676022,0.978451144,1.548692562,0.872077117,1.191095268,-0.274752847,0.129197574,-0.681322254,-0.161825264,-0.200386161,1.148361868,-0.228825752,0.056984372,-0.278271602,-0.207593197,0.564490902,0.954164444,2.143174114
1,0.737254085,0.283647629,-0.339202992,3.053838982,-0.661403207,1.241123216,-0.297841505,-0.394581563,-0.44448323,-0.42978409,-0.412676773,-0.646086763,-0.380597445,1.591153796,-0.491241769,-0.417530819,-0.317410583,0.435124013,-0.929687277,-0.43116397,-0.700341777,-0.658435248,0.097402892,-0.011640048,0.352092378,-0.426346538,-0.319679289,-0.764708415,-0.379495526,-0.299408825,-0.553589554,1.865843589,-0.451715622,-0.487805368,-0.447323992,-0.561762444,-0.477186583,-0.733768794,-0.358765832,-0.973923527,-0.740984252,-0.34139885,-0.732014919,-0.304609227,-0.410116299,-0.402843231,-0.216706921,0.538593811,-0.522579527,-0.326731434,-1.070669342,-0.348633091,1.846295592,0.993345302,-0.462637848,-0.446955914,-0.583867306,-1.009229462,-0.521682583,1.408577996,-0.905090023,-0.481198835,-0.647363381,-0.604070428,-0.345131643,0.683236276,-0.31928683,-0.622180492,-0.479769561,-0.230990287,-0.901700405,-0.517252914,-0.544499724,-0.397486282,-0.583223903,-0.287196772,-0.611499297,-0.419041902,0.647996555,0.542213289,1.417839389
1,-0.250452308,0.488516052,-0.687170014,-0.689992297,0.023373127,-1.370840955,0.295345183,-0.662799886,-0.675052466,1.055073686,1.291202103,0.80666398,-0.700227347,-0.662727952,-0.696033619,-0.703784445,-0.679520917,0.38491889,-0.35032949,-0.672228173,0.630337432,-0.728768186,-0.617451254,-0.775849188,-0.754859259,-0.608792356,-0.645719647,-0.941140627,-0.674125244,-0.683298451,-0.774563242,-0.627866903,-0.671035227,-0.785179831,-0.742142816,-0.74213834,-0.745227627,-0.897052492,2.830890259,-1.179072289,-0.935015851,-0.672944342,-0.920870446,0.973780974,0.212835134,1.110081574,-0.398710262,0.308522982,-0.730182204,-0.662305089,0.372849569,-0.686108401,1.458545157,-0.696405427,-0.716411918,-0.739603254,-0.775939025,-1.216858358,-0.727825584,-0.922027672,-0.299664051,-0.751839958,0.237721398,-0.823942952,-0.656853989,-0.196455576,-0.549965342,-0.798400619,-0.659135352,-0.635278432,-1.08760307,-0.754045841,-0.781232014,-0.726488674,-0.798484137,-0.669570605,-0.100789874,-0.598461519,-0.150676972,-0.728315206,-0.692249566
1,4.435568322,2.281483536,1.418028669,-0.680528906,-0.278359717,0.520579105,3.558913169,-0.65432982,-0.666222318,2.709910663,0.973215748,2.469490032,0.92784138,0.497534033,0.92643175,0.174744619,-0.668403918,1.88272347,1.506404945,0.664669716,0.943807823,1.777859158,2.826386113,1.998878706,1.676546082,3.468699957,-0.63799514,0.489369235,0.293261424,0.393236655,-0.008416889,-0.605921479,-0.661175017,0.875112074,0.158744197,3.115462126,-0.736347878,-0.886002582,-0.626008499,1.233635683,-0.005052242,0.36523303,1.679946122,1.706756508,2.159233628,1.525272745,3.376032583,0.079488042,-0.720785431,-0.65508227,1.363588914,0.28203663,-0.654324923,0.392485186,-0.708633704,-0.731560643,-0.766198075,0.19826748,-0.07408839,0.819741064,1.061717578,1.814803581,0.825063942,-0.026923058,-0.649392879,-0.169920555,-0.544043502,-0.78541262,1.596938129,-0.616033409,0.310272061,0.07553687,0.943031249,-0.720856713,-0.791393337,-0.655128612,0.404174064,0.479469975,0.905418828,0.610825985,0.207524671
1,0.425617948,1.386307995,-0.380335199,-0.469063602,-0.678274645,0.986707575,0.245503157,-0.440754491,-0.487272606,2.222922274,0.343026163,1.125240582,0.779116071,1.162589012,3.717751528,-0.45897189,-0.363901352,0.879049223,-0.951285533,-0.47252304,-0.726896565,1.244464557,1.258683755,-0.614065041,0.313618215,-0.448499176,-0.360335105,-0.783784684,-0.425991688,-0.345593614,2.156767934,0.919436077,1.714712477,-0.537584623,-0.489793931,0.777890713,-0.524490721,-0.75167476,-0.403515662,0.237353395,-0.761396435,-0.390041428,-0.751799049,0.890912507,2.422497876,-0.427428637,-0.235403086,0.32438975,-0.56000575,-0.364963897,0.169322853,-0.391579445,-0.449164232,-0.440798962,-0.500746424,-0.492531807,-0.622642616,-1.030726597,-0.554603221,0.313391101,0.532846997,-0.526628661,-0.684361328,0.37915807,-0.382472525,-0.673557367,-0.352897557,0.13499327,-0.504080036,-0.273700648,-0.922177694,-0.559398818,-0.585304026,2.761512857,1.096134711,-0.328009088,-0.651012775,-0.444115069,-0.73294624,-0.505074096,-0.419818174
1,-0.524919359,-0.015321013,-0.237030179,-0.311463868,-0.59072068,-0.607371509,-0.244576892,0.912146049,-0.338193995,-0.320504427,0.492622062,0.548326713,-0.264026533,-0.427041323,-0.42164609,-0.314590787,-0.201927051,0.524015686,-0.875462831,-0.328427629,-0.596952461,-0.634474954,-0.375208183,0.414482308,-0.523326887,-0.371319164,-0.218689836,-0.716825419,2.642811441,-0.184685351,-0.455818193,-0.238947429,-0.349593502,-0.364153203,-0.341828241,-0.505675905,-0.359682634,-0.681767585,-0.247606808,0.088120515,0.516255439,-0.220570202,-0.682876044,0.55382847,-0.298020856,-0.341772838,-0.17026546,-0.889550141,-0.429612418,-0.231761613,0.016553507,-0.24195392,-0.28801037,-0.253105409,-0.367975764,-0.333744942,-0.487549051,0.706726379,-0.439907391,-0.683776425,-0.852279812,-0.368350697,-0.555460114,-0.500127207,-0.252376523,-0.5516515,-0.23579745,0.619332942,-0.4193821,-0.124897325,-0.849897017,-0.412562067,-0.44314143,-0.289155067,-0.478836295,-0.185818572,-0.513347425,-0.356759905,-0.666392444,-0.365579793,-0.278549843
1,0.486336164,0.730613996,-0.726883306,-0.757275516,-0.471868727,1.514210274,-0.566263979,1.30319261,1.908018194,-0.755403828,2.393470512,0.50440358,-0.748672927,1.242730934,1.108646683,-0.761295551,-0.729776282,2.273702151,0.049068946,-0.734954553,0.730649364,-0.754872407,-0.705854867,1.865010945,-0.013147691,0.545241048,-0.696612957,-0.61468013,-0.730292211,-0.720757381,-0.259280464,1.237782905,-0.109757623,-0.834498902,0.336776822,4.080781273,0.383520895,-0.976255079,1.61491382,-0.0348518,-0.266911941,-0.722560088,0.356302819,-0.580128735,2.702555219,-0.24646338,1.869405996,0.16635544,0.41244981,-0.042185555,-0.557784044,-0.729070613,-0.015584138,1.030218576,-0.770144838,0.389495189,-0.844977788,-0.104209737,0.0426739,1.26796678,0.274168143,-0.801062773,0.452145954,-0.879822154,-0.70849884,-0.058666771,-0.590303234,0.432642844,-0.735708582,-0.689090373,0.592051945,-0.813458858,-0.833427534,0.444417456,-0.846461626,-0.710415514,-0.317667772,-0.255437914,0.111904183,-0.790907365,-0.744522959
1,-0.694207657,0.400372834,-0.535789704,0.443118253,-0.740457659,1.067324632,0.130850672,-0.581271124,-0.599178255,-0.593769702,-0.563725719,-0.042480568,-0.604886976,1.975928969,-0.616015998,-0.615593708,-0.53960793,1.887275158,-1.031195746,-0.596280791,-0.791960568,-0.697433207,-0.53605647,0.664217499,1.523693216,-0.532222555,-0.513989144,-0.854276841,0.518619394,-0.520143776,-0.709672523,0.804073779,-0.590073672,-0.7187346,-0.65030424,0.272259331,1.071086666,-0.81733165,-0.549391986,0.076010921,0.971767668,-0.573880525,-0.826099395,-0.444239129,0.453983589,-0.520346385,0.832306486,-1.052892488,-0.662044153,-0.509459151,0.501140676,-0.55389031,1.101163821,1.929539004,-0.644773459,-0.664780716,-0.705197539,-1.111790415,0.841697251,1.731383933,0.648015202,-0.689602365,-0.752648006,-0.763225315,1.451878404,0.433999761,0.863710799,-0.708574157,-0.586528592,-0.435119604,-0.997050027,-0.687881952,-0.724240554,3.78486589,-0.74519181,0.593545959,0.119272645,-0.538876256,-0.281042973,0.299220412,-0.573063318
1,-0.056579658,-0.686118732,-0.49895778,-0.58726179,-0.725988051,-1.234886139,-0.381124688,-0.565126761,0.413791899,-0.576119175,-0.53542562,-0.719359464,-0.562864731,0.303990252,-0.600059786,-0.578485212,1.40898664,-0.976996687,-0.103935399,-0.58006406,-0.777875583,-0.690816242,-0.516226636,0.181088085,-0.659823174,-0.512385928,-0.477583806,-0.837846848,-0.560083561,-0.478787507,0.778857625,0.051910067,2.673703702,-0.68114472,1.103093424,-0.164404983,1.583051761,-0.802103016,-0.53257123,-0.631453846,-0.819915018,1.399399999,0.099205063,-0.41807847,1.999112264,-0.49833133,-0.289321596,-1.032789017,0.21502603,-0.475223808,0.248551935,-0.515433905,-0.563742628,-0.596164724,1.315223019,-0.623969685,-0.691579271,-0.76933919,-0.643621361,-0.808831166,0.689435919,-0.657645289,-0.738401567,-0.75114876,-0.49016117,0.479576421,-0.449828682,-0.692316547,-0.019220886,-0.396874519,0.372199429,-0.671252444,-0.702980951,0.554549154,-0.734456282,-0.445709124,-0.734996588,-0.516424435,0.068928946,-0.620542307,-0.536754859
1,0.517199834,1.065163224,-0.680847909,1.996200046,-0.805371663,1.657180753,0.323014189,-0.653753652,-0.665622106,-0.671451118,-0.625080216,-0.419368115,-0.692654433,2.364574075,-0.683855317,-0.694967609,-0.667632512,2.176190327,-1.115445407,-0.662770972,-0.853793516,-0.165572533,1.752580501,1.032065814,1.333953253,0.719945407,-0.637250058,-0.41318662,2.279955197,-0.674955436,-0.765127159,0.931338889,-0.660506315,0.224365917,0.161155372,-0.727805837,-0.735743313,-0.88525259,0.846750895,-0.78753903,-0.920306968,-0.662835789,-0.906469902,1.34630431,-0.644779856,-0.589068237,-0.3843521,-0.003496477,-0.720146997,-0.654589582,0.017116314,-0.679322643,-0.653730641,2.819543857,-0.708103395,-0.731012237,-0.765536085,0.454915225,3.140627418,1.76866035,-1.091508729,-0.744116724,-0.815791927,-0.815229752,-0.648884334,-0.801746951,-0.54363907,-0.784538048,-0.16780067,-0.613966476,-1.074219438,0.597300848,-0.773070111,2.504286944,0.533557454,-0.653153533,-0.801856441,-0.590392571,0.502248541,-0.71879429,-0.684152535
1,-0.69930291,-0.091167255,-0.547526582,-0.609929147,-0.74502929,1.006017932,-0.40644452,-0.586423058,-0.60442368,-0.599410616,-0.572743841,0.273031195,-0.618277804,1.533454319,0.009228099,-0.627418718,-0.552873848,-0.694690226,-1.03709623,-0.601456425,-0.796388829,-0.699477449,-0.542375454,1.092575077,-0.679380469,-0.538543704,-0.525590086,-0.859471332,-0.598966675,-0.533322384,-0.713655503,1.426965747,2.327461561,-0.72374041,-0.662422833,-0.197250719,-0.672279407,-0.822136627,-0.55452607,-1.082919092,-0.843624772,-0.587760451,-0.831657401,-0.452575497,-0.579284805,-0.527361712,-0.311397979,-1.059290314,-0.66617028,-0.520368601,-1.186319484,-0.566144846,-0.585461261,-0.623003467,-0.655647559,-0.671950862,-0.709488458,-0.596108668,-0.661344541,1.243944082,-1.011633702,-0.694462708,-0.757136997,-0.767004919,-0.534253183,0.41959064,-0.489516139,-0.713757262,-0.59079739,-0.4473068,-1.002517764,-0.693179754,-0.727795706,1.243474513,-0.748542687,-0.493900199,-0.751436287,-0.546030764,-0.809991376,-0.661337342,-0.584633388
1,0.880178763,-0.072706683,-0.526636541,-0.600167972,-0.73687898,1.359045651,-0.395554148,-0.577255632,-0.595090167,-0.589375876,-0.556692813,-0.732171181,-0.594443957,1.569217625,1.382297946,-0.606371813,-0.529262324,1.486027311,-0.133133712,-0.592247029,-0.788486735,-0.695817529,-0.531128524,0.673630912,-0.670986297,0.658426968,-0.504941992,-0.850211755,-0.590067414,-0.50986626,-0.706546861,0.814560762,-0.585802675,-0.714642268,0.393832454,1.684790692,-0.662495938,-0.813568126,-0.545391846,0.440550359,-0.833449698,-0.563056076,-0.821758417,-0.4377379,0.465332252,0.070351625,2.447842173,-1.047900064,-0.658671993,-0.500951268,-0.475335033,-0.544333444,-0.576110153,2.305974604,-0.636293145,-0.654638698,-0.701834609,0.368378702,-0.653760826,-0.822008743,-1.001066467,-0.685808384,-0.749129902,0.189661531,-0.515288664,-0.734528489,-0.472446074,-0.704532664,1.168278279,-0.425615253,-0.99276638,-0.683749786,-0.721445547,-0.59621727,-0.742554984,0.607658745,-0.744429533,-0.533296716,0.043069902,-0.647485043,-0.564040241
1,1.117634868,1.883950548,-0.613391362,-0.640799962,-0.77030404,1.600445842,1.193936244,-0.615383917,-0.633917438,0.875261189,2.29025923,1.153770829,-0.658753053,-0.108018353,0.310050108,-0.663742772,-0.627319263,2.651620137,-0.550394384,-0.63055571,0.826056943,-0.072141166,2.811656486,3.26200496,3.32256958,2.007735112,-0.590692024,0.255582056,0.415779826,-0.607277835,-0.735469334,2.202172814,-0.6264408,-0.751712228,-0.708167209,2.20492536,0.93943262,0.416945188,-0.583424201,0.192192621,0.097111179,-0.625206205,0.397508172,0.913303589,2.645039283,-0.562339146,6.481339884,1.185380072,0.095532587,0.358560744,0.120915876,-0.634914609,-0.615020718,2.125105717,-0.681861112,0.327955401,1.909296202,-0.845464501,0.013483638,1.586621725,0.561372137,-0.719534539,1.179972202,0.642149416,-0.594046933,-0.080730553,-0.523522201,1.325087696,-0.614582787,1.771652085,-0.055045534,-0.716204799,0.134647561,-0.688201183,-0.766710994,-0.559252738,0.541307803,-0.565223701,0.181111733,0.208682436,-0.64956208
1,-0.670657994,-0.873899409,-0.481713069,-0.579238155,-0.719152224,-0.54005425,-0.372134695,2.641223412,-0.575064108,-0.567884119,-0.522175511,-0.266233136,-0.543189911,-0.572343415,-0.588313438,-0.561111009,-0.478486379,1.536865406,-0.435626544,-0.572486336,-0.771185645,-0.687611513,-0.506942305,0.834258931,-0.103776337,-0.503098416,-0.460538822,0.407597455,-0.540590007,-0.459424497,0.244953315,-0.432200048,2.394689959,-0.660274727,-0.594468885,0.124710297,-0.641080444,1.297298362,0.572858919,-0.149795408,0.240184691,-0.509929983,0.82603739,-0.405830046,3.33038185,-0.488023879,-0.281483214,0.389193642,-0.638086348,-0.459194817,0.624087513,-0.497428611,-0.556051792,-0.573578487,-0.594672001,1.194652033,-0.684538478,-1.083644971,-0.63574217,-0.800609079,0.221369906,-0.638598798,-0.731651471,-0.745383909,0.474015433,-0.716993059,-0.435737357,1.019800458,-0.563997659,-0.378968166,0.395222316,1.931744479,-0.685873714,-0.548586064,-0.728823166,-0.428598527,0.73810696,0.091545085,0.085113404,-0.603756161,0.496488912
1,-0.692666069,-0.710597825,-0.53224159,2.421838251,1.54646848,0.425341322,-0.398476166,1.540122749,-0.597593275,-0.592065925,-0.560999497,-0.7347686,-0.600838865,-0.591811892,0.021698321,-0.612018951,-0.53559758,0.590012753,-1.029407892,-0.59471688,0.064493088,-0.696809147,-0.534146211,-0.682304631,-0.673241308,-0.530311642,0.496309788,-0.852702508,-0.592454814,-0.516159821,-0.708462912,-0.935947498,-0.588417557,-0.717220134,-0.646640732,-0.648611003,-0.665120577,-0.815874445,-0.547840981,0.186160562,-0.836183334,-0.569684558,0.066542417,-0.441719006,2.099725001,-0.518225618,-0.304450364,-1.050957536,-0.660792439,-0.506161172,-0.124548757,1.769496827,-0.578617824,-0.616662808,-0.641486168,-0.660849285,-0.703895651,-1.109946195,-0.655801592,-0.82467393,-0.108959921,-0.688132039,0.835858905,0.182687402,-0.520377073,-0.002945359,-0.477026178,-0.707007445,-0.585236513,-0.431435357,-0.356940751,-0.686280222,0.233567988,1.276715242,-0.744172126,-0.478734081,-0.746319137,0.413806698,-0.278265936,0.30343675,-0.569565631
1,3.397748877,2.547666992,-0.396766857,-0.487134323,0.379040214,0.52555835,3.816387734,2.059868771,-0.504366276,3.417436653,6.106821688,3.636865627,-0.446273157,1.141047093,-0.530451771,-0.475526934,-0.382473669,2.687725259,-0.959867882,-0.489045326,1.180243667,-0.670807126,2.113305707,3.494087234,4.241622209,4.858256773,2.159425733,1.608495163,3.489019992,-0.364043698,0.346391053,-0.365818181,-0.509250928,-0.557470638,-0.506759991,4.046383892,-0.543387966,-0.758773051,-0.421392503,-0.271191968,0.618815591,-0.409473359,0.200818589,7.57036748,2.144838118,0.576782807,4.38012258,-0.072081028,-0.574956926,-0.380237154,0.01701328,-0.408735825,-0.467642476,-0.462320304,-0.51597019,-0.510738646,-0.638132732,-0.483481723,0.222010836,0.466545729,0.019607328,-0.544777148,-0.696296013,-0.662631736,-0.397389608,1.203285464,-0.366324504,-0.162894963,-0.513791681,-0.290762753,-0.223885723,-0.576235432,1.067547274,0.719541599,0.391734824,-0.344312955,-0.666797777,0.160211926,0.732621002,2.06398525,1.312200653
1,-0.641805291,-0.353386123,-0.415708415,1.239323103,-0.692661641,0.372115405,-0.337725225,-0.480462667,-0.524070967,-0.511611013,-0.471460316,0.242665765,-0.467883942,-0.533147318,-0.543353937,-0.494610724,-0.403882868,-0.404361749,-0.969725807,0.499393711,-0.745051496,-0.67470279,-0.471406248,-0.629876829,-0.053647951,-0.467550185,-0.39529863,-0.80006787,0.685114435,-0.385311991,-0.626799237,1.001216851,-0.528183088,-0.580394198,-0.52631758,-0.597000645,-0.565171724,-0.766913705,-0.441999991,-1.014350367,-0.778914348,0.798464614,-0.170961237,0.847800173,-0.494051635,-0.448571797,0.253551913,-0.987250912,-0.592191862,-0.397843368,-1.113560395,-0.428512805,-0.488943231,-0.487128983,-0.533519353,-0.53172654,-0.652777795,-0.497741074,0.203162066,-0.24911398,-0.944470672,-0.565697778,-0.705380242,-0.681901505,-0.414585244,-0.690698429,-0.381802387,-0.65566258,-0.524986759,-0.310431057,-0.242862866,-0.595643802,-0.620395248,-0.478603021,-0.661387732,-0.363107201,-0.684993903,-0.465677699,-0.749342535,-0.53950668,-0.454688656
1,-0.691156355,-0.708048425,-0.528768093,2.685006089,-0.737713406,1.098405312,-0.396665366,0.501317917,-0.596041971,-0.590398667,-0.558330609,-0.733158846,-0.596875886,-0.59058744,-0.613212468,-0.608519372,-0.531671568,0.135012349,-1.027655812,-0.593186189,-0.789297291,-0.696195467,-0.532276125,0.881967193,0.84266254,-0.528440915,-0.507048857,-0.851159503,-0.590975286,-0.512259648,-0.707276266,0.869773402,-0.586796899,-0.715736994,-0.643054267,-0.64706009,-0.663494029,-0.814445823,-0.546323081,-1.073266129,-0.834489575,-0.565576831,-0.82276982,-0.43925188,-0.570992913,-0.516149451,-0.302871527,-1.049062905,-0.659565109,-0.50293255,-1.176072366,-0.546559009,-0.577063678,1.431455479,-0.638268008,-0.657000531,-0.70261904,-1.108140391,0.0930404,0.464932522,-1.002146223,-0.686692185,-0.749950525,-0.760948172,-0.517223742,-0.735352637,-0.474187848,-0.705473772,-0.583970908,-0.427828589,-0.993765455,-0.684712108,-0.72209819,1.284309841,-0.743170881,-0.475287597,-0.745148959,-0.534596058,-0.275545213,-0.649559915,-0.5661415
-1,0.606424011,1.395925202,1.437739818,-0.552784691,2.701268572,-1.210286144,-0.35897113,-0.526211204,-0.563840041,2.232797169,0.26650538,1.19615756,0.656789132,-0.557348695,-0.571113891,-0.535670896,-0.449946324,0.954019694,0.697663564,-0.54907028,1.080577458,1.414736708,0.018191536,0.218437353,2.240140893,1.711782271,-0.435580766,2.422814882,-0.512046642,-0.43107228,1.246638486,-0.412555822,-0.553216324,0.597582243,-0.568397164,1.052529093,0.533297597,2.351040541,1.63866551,0.157868687,2.324608423,-0.480068963,2.037417305,1.118101337,-0.538763669,-0.472931231,-0.270005891,3.545085886,0.778769809,2.123228144,0.198804691,-0.471064425,2.989366049,-0.540506672,1.724711864,-0.57688353,0.743051943,2.358962177,-0.615532636,-0.280370644,1.135896268,-0.610710043,-0.721680271,1.708174567,1.601741692,-0.707004405,0.427966528,2.769502146,-0.549073788,0.800972354,2.151396087,-0.637402329,-0.660824504,-0.5218136,1.805007967,-0.403544398,-0.720193458,-0.49052041,-0.768183395,-0.579177108,-0.494863595
-1,-0.549367718,-1.068085054,-0.271803769,-0.349706133,-0.616398411,-1.102109216,-0.26270502,-0.318922617,-0.374368571,-0.357696768,0.99046902,-0.615646775,-0.303700385,-0.447691215,-0.445332348,-0.349625493,-0.241230823,0.638232583,-0.244028168,-0.363393011,-0.632140076,-0.642918384,-0.393929837,-0.553165412,-0.545131118,0.49688861,2.391200884,0.374219916,-0.303306929,-0.223730444,2.590688053,-0.801937726,-0.384349839,-0.406237096,2.064375524,0.495982663,0.802676354,1.755348773,-0.285438773,0.465434421,-0.707502057,-0.261693136,-0.69958574,0.517036457,-0.336171523,-0.362557592,0.318962092,1.68645394,1.038213231,2.136271963,-0.540742495,-0.278261208,-0.327115059,-0.29865007,2.598482689,-0.372275269,0.430830006,0.917397225,-0.467738836,-0.137318362,0.815436974,-0.406757537,-0.586738557,0.528508151,2.797386559,1.953118566,-0.264212303,1.764236313,0.96549511,0.992716105,1.913896593,-0.448192647,-0.477637806,-0.326024613,2.234182492,1.963368612,-0.546752524,-0.377957017,0.533760634,0.629580515,0.782470713
-1,-0.631860839,-0.012090961,-0.39298695,-0.482977368,-0.683434216,-0.257131335,-0.325880096,-0.454956704,-0.50043408,-0.487309107,-0.454002099,-0.670601779,-0.441960589,-0.51965444,-0.527877063,-0.471718642,-0.378201328,-0.388264065,0.00974379,-0.48524457,-0.733434983,-0.67001939,-0.459173303,-0.619713173,-0.616757099,-0.455313049,-0.372840323,-0.789622542,0.718759961,-0.359799475,0.941889883,-0.864386851,-0.505472896,-0.552896096,-0.502857151,0.392590189,-0.539040879,0.700680479,-0.417280148,0.720701843,-0.767666762,-0.405003274,0.204613975,-0.342810429,-0.469123548,-0.434990799,-0.241153791,0.402088647,-0.571517585,1.368674079,0.730837912,2.989516853,-0.463391775,-0.457369575,-0.512468144,-0.506550379,2.290090465,0.383666832,-0.564729195,-0.758215018,-0.932797634,1.334356733,-0.694415504,1.0121216,0.589002968,1.41977137,-0.363235794,1.994064056,1.118166223,-0.286837818,-0.220084778,-0.572362369,-0.597854917,-0.454512034,-0.638173734,1.680076203,-0.663166625,1.274481888,1.575998444,0.473911975,1.803960304
-1,-0.594186157,0.718528021,0.775540758,-0.419811397,-0.659898312,0.533680161,-0.295937288,-0.390481236,2.341714461,-0.425877327,-0.409870198,0.681332925,2.696411175,-0.485546352,-0.488753714,-0.413850698,-0.313282031,-0.896335224,0.860355758,1.883861167,-0.696645594,-0.657622931,-0.428250149,-0.592841913,-0.585102375,-0.424379301,-0.316068902,1.454819343,-0.375366495,3.403999653,0.421679803,-0.834777271,-0.448064742,2.924440657,-0.443552504,-0.559757342,3.012887972,1.765468626,-0.354791881,-0.971984972,-0.739170168,-0.337079209,1.647506661,-0.302014825,-0.406108871,-0.400659956,-0.215046632,0.614546201,-0.51925594,0.709424969,-0.593439097,-0.344819296,-0.39880131,-0.382142001,-0.459253665,0.721036617,-0.580423915,1.705531677,1.119913289,-0.730751744,0.743391447,1.966701275,0.238763032,-0.600354443,2.199514857,-0.635460014,2.071325243,-0.620588547,0.701718895,1.831801524,1.355130382,-0.513510201,0.492336077,-0.393613426,-0.579492032,0.81887745,-0.607990354,0.619788402,-0.121210083,-0.461480101,-0.375669769
-1,1.510943018,0.203058501,2.211815568,-0.470265399,-0.678720886,-1.166541218,-0.319854193,-0.441981202,2.348302191,-0.474946138,-0.445120682,-0.665318113,-0.42877275,-0.512790285,0.146909275,-0.460072886,-0.365136507,-0.110155734,-0.951857156,-0.473621858,-0.727461128,-0.667589081,-0.452950108,-0.614552562,-0.61203787,-0.449087722,-0.361415239,1.697179804,-0.427226986,-0.34682064,-0.593995561,-0.858428954,-0.49391967,-0.538907146,-0.490922262,-0.582008741,1.803666548,0.716027864,-0.404704565,-0.257411462,1.033356456,-0.391333752,1.821034569,1.463171796,-0.456442026,-0.428081816,-0.235899801,0.414070602,-0.56100008,0.66678157,0.168126442,1.558569059,-0.45039313,-0.442230243,-0.501758883,-0.493742656,-0.623672789,-1.031297643,-0.555477848,-0.222676168,-0.92685121,0.615121939,-0.68534428,0.377691007,-0.383464588,0.14799704,-0.353790518,1.216464766,0.998295901,-0.274835366,0.531258779,-0.56051854,1.572900388,-0.442256365,1.094106221,0.773356558,-0.65206256,-0.444781207,-0.733453232,-0.506137827,-0.420895433
-1,-0.202173264,-0.261424975,-0.67470047,-0.670202091,1.469527615,-0.533297716,-0.474633923,-0.643986426,-0.6565735,-0.661094127,0.778850291,0.938617018,-0.684318864,-0.642274991,-0.672317652,0.211408861,-0.656104196,0.521706943,-0.605236518,-0.653700149,-0.843634086,-0.137259686,-0.593722318,-0.748270631,0.421557571,-0.587722453,-0.626116956,2.098161157,-0.654701477,0.440068629,0.877640284,-0.119003111,0.667991622,-0.769870657,1.568604334,-0.714349647,-0.726614018,2.147339557,-0.612024802,-1.148990753,-0.906349717,-0.65105367,1.386897061,0.542350034,-0.635946484,-0.580828505,-0.370852376,1.311386282,0.030293624,-0.641949046,-0.61149652,-0.672223637,-0.644241068,-0.677072526,1.002182891,-0.722718119,1.416291763,-0.335149487,-0.707306393,-0.893568429,0.294259916,-0.73663478,-0.805345536,-0.806801633,-0.641196343,-0.791175185,0.196557397,1.853619756,-0.637695104,1.14627376,1.584542951,0.641416227,-0.765169734,-0.714606662,2.421587089,0.384553727,0.448445451,-0.582651321,-0.390715483,0.135476778,-0.676334249
-1,0.828457366,0.474049426,0.319852735,-0.670037809,1.321513926,0.005751752,0.349793079,-0.643766409,0.728173874,1.151436031,1.678998452,-0.399142022,-0.68412293,-0.642106427,0.490696256,-0.686331721,-0.655910088,-0.338008438,0.79630235,-0.653546196,-0.094024887,0.709732714,-0.593528878,-0.263624304,0.422067947,0.356366328,0.313238173,0.183059591,-0.654488912,-0.66533918,-0.755886433,-0.313381453,-0.650277915,0.266027878,0.790022972,1.208633036,0.832745738,2.432565211,-0.611804582,0.715748906,1.007784827,-0.650855356,2.260287796,0.831709286,-0.635796506,-0.580688782,-0.370625414,1.411264396,-0.710363195,-0.641484924,-0.148752244,-0.672049582,-0.644016199,-0.676866951,2.112543532,1.620014395,-0.013793713,2.715865904,0.883451967,-0.170365622,-0.68128389,-0.736507167,-0.805168251,-0.806657989,-0.641065491,-0.140637938,-0.53740829,1.122295754,-0.637518852,-0.582608618,0.353615097,-0.735980162,0.059550492,-0.714506349,0.581382855,-0.623189216,-0.792845788,-0.582519914,-0.390338086,-0.709486541,-0.676201117
-1,-0.826244427,-1.367969108,-0.707291801,-0.723217809,0.818555255,-1.429906135,-0.534981796,-0.692352198,-0.705963127,-0.718186623,-0.661239906,-0.881790508,-0.724579394,-0.697794423,-0.737164698,-0.732444846,-0.704720036,-0.881527254,-1.179835341,-0.703254738,1.108894689,0.425207883,-0.659425976,-0.824468842,-0.79582092,-0.645419915,-0.671155794,0.321328654,-0.702114604,-0.702310058,-0.805253188,-1.094123137,-0.705896188,2.728650209,-0.768371548,0.349873347,-0.77609483,1.285597192,-0.666189806,-1.230856229,-0.98452442,-0.697823753,-0.969487779,-0.555711211,-0.684119408,-0.626039901,-0.44316109,-1.220813727,-0.763147401,-0.687209726,0.016292956,-0.707802137,-0.693631921,-0.720568127,-0.743290764,-0.767378841,-0.810074183,-0.474122252,-0.762475831,0.01867735,-1.158972256,-0.000123213,1.358929739,-0.851998448,-0.682666639,-0.849165401,-0.570274864,-0.845855787,-0.696161152,-0.66547565,0.77470367,-0.783675937,-0.12407937,-0.745553489,1.840420996,-0.690233136,-0.840766628,-0.177221873,-0.942871764,-0.759397457,-0.718419814
-1,-0.700703752,-0.919714299,0.500011849,-0.611439639,4.777797279,-1.264667562,-0.408128142,-0.587841226,-0.605867653,-0.600964087,0.174851158,-0.743354771,-0.621962452,-0.598321582,-0.621984444,1.954612281,-0.556524125,-1.002599231,1.122328995,3.144656589,2.388447381,-0.700034555,-0.544114199,-0.690663719,1.66376706,-0.540283045,-0.528782225,-0.860897029,-0.600342781,3.27374386,-0.714746496,-0.945410414,-0.597066348,-0.725116745,-0.66575741,-0.656888954,2.368487723,2.326717956,-0.555939686,1.113869135,0.164638389,-0.59157968,1.182914959,-0.454869349,-0.580713434,-0.529292064,-0.31286593,-0.399060104,-0.667301698,-0.523370467,0.190498985,0.500923845,-0.586908096,-0.624342731,0.251918751,-0.67335244,-0.710664902,2.057487499,-0.662511467,0.30999147,1.852421665,-0.695799162,0.009823497,-0.768039027,-0.537185046,-0.743810554,6.696111214,1.599439847,-0.591970533,-0.450660254,2.309779055,-0.694637324,2.519333577,-0.621790647,1.596246067,-0.497104625,2.545127475,7.102304105,-0.811464665,1.244966666,0.405290962
-1,-0.894972965,-0.609443655,-0.734530419,-0.771076313,0.495140278,0.009210568,-0.579259731,1.210568976,-0.750230192,-0.770616224,-0.700803921,-0.962312133,-0.758185453,-0.379381443,1.349414042,-0.772831557,-0.739704148,-0.987046854,-0.874583149,-0.747769868,-0.947716215,-0.759718768,0.05403812,-0.901030191,-0.858073752,-0.701581912,1.740083489,-1.0473525,-0.741558078,-0.727940492,-0.848563575,-1.177010012,-0.756838162,-0.844100355,-0.804678018,-0.871112755,-0.819688924,-0.992687258,-0.710733313,-1.006258347,0.714098642,-0.732360448,-1.043749939,-0.589978668,-0.727190511,-0.667151022,-0.474954263,-0.62756459,-0.810594053,-0.721826876,-1.428038002,0.399085613,-0.737300851,-0.753869813,-0.780824266,-0.806110333,-0.859102045,-1.358746987,-0.812942508,-0.689478187,-0.309823391,-0.810690544,-0.913923506,-0.339149916,-0.718783198,-0.901878005,-0.598188495,-0.920617625,-0.130913807,-0.69843464,-0.269074699,-0.825355881,-0.843676102,-0.771143297,0.670938653,-0.718310847,-0.882354098,-0.662910644,-1.014462063,-0.803573727,-0.754890088
-1,-0.892392693,-0.826768319,0.793176697,0.677877223,1.137804159,0.818247764,-0.577621775,-0.73287913,2.277698209,-0.768707364,-0.699382152,0.140023056,-0.063299374,-0.37525336,-0.79758454,-0.145009539,1.861694163,-0.982993212,1.083908146,-0.746166389,1.222389598,0.814194722,-0.72331868,-0.502421212,-0.478398416,-0.699471639,-0.705484844,0.243778711,-0.740152522,-0.727050277,-0.847018397,0.00644965,-0.754982795,1.952797584,-0.803397569,-0.868034071,1.544767814,0.720922728,-0.709126271,0.811665234,-1.056811141,-0.731140572,-0.186471021,-0.120708137,-0.725642873,0.920342414,-0.473801743,-0.991075866,0.082114273,-0.720603135,1.109016889,-0.736377346,-0.735732093,-0.752698469,-0.221893445,-0.804738521,-0.857334247,1.264571915,0.599413145,-0.138688164,0.176841068,2.016227394,-0.415162372,0.861358381,0.310303867,-0.899966595,-0.597208616,0.744402293,-0.750183051,-0.697271907,-1.193574664,1.443226022,0.119680426,-0.770256679,1.296219324,-0.71733123,0.012894514,0.170278927,-1.01177668,-0.801991186,-0.753598842
-1,-0.903686039,-1.233840469,-0.737691298,-0.776869937,1.041358344,-0.103357493,0.386604575,-0.739428565,0.784067839,-0.777026139,-0.705567813,0.180075746,1.865928452,-0.756807536,0.721685627,0.24591041,1.142741594,0.097132114,1.419251775,2.059421421,2.487500267,1.861102079,-0.734505111,0.257580249,-0.25805199,-0.708708944,-0.710971219,1.276452272,-0.746260852,3.142610144,0.934926603,0.23756595,-0.76306891,1.270210187,-0.80895499,0.434735657,1.319293086,1.265042793,1.488126594,1.14813587,1.775244746,0.455507098,0.910035742,-0.594106039,-0.732375835,0.688011256,-0.47882161,1.09796709,1.697283429,-0.725915968,0.796320295,0.365280348,1.622317258,-0.757780593,1.500339297,0.281286779,0.001840634,0.211280073,-0.819105069,-1.05847099,1.088214409,0.870471141,0.522656251,1.168406706,-0.723068797,-0.448514365,-0.124172753,-0.219586806,-0.759335587,-0.702318537,1.178069697,0.695226405,0.649308653,-0.774096351,0.056812601,-0.721577249,0.492502625,0.753052264,-0.654097115,-0.808873449,-0.759205853
-1,-0.846369453,-1.39291071,-0.715702661,-0.737619853,-0.870794989,0.190210574,-0.548080944,-0.705069331,1.013828277,-0.733870122,-0.673186193,-0.904940772,-0.734875233,-0.713318065,-0.755574704,-0.029489323,-0.715411814,-0.502966634,-0.781605487,1.833478799,-0.913616232,1.200942704,-0.67858937,-0.84659969,-0.814108337,-0.661855036,-0.681997802,-0.561873701,-0.714094562,-0.710237476,-0.19434527,-1.118242868,-0.721131263,-0.820523559,-0.779480351,-0.814400013,-0.789322774,-0.952976884,-0.679600279,0.725134459,-1.00660355,-0.708379315,-0.991251678,-0.566055736,-0.697124172,-0.638375302,-0.452701285,-1.247003163,-0.777427734,-0.697783822,0.621431042,-0.716914798,-0.706819277,-0.730776427,-0.754733094,-0.779193781,-0.824843214,-1.297073591,-0.777586642,0.608402539,-0.609927103,-0.787076141,-0.877946911,-0.223610518,-0.69366845,-0.86498246,-0.578842662,-0.867458124,0.158436093,-0.675557673,-0.127374902,-0.796343496,0.621992512,-0.753482214,-0.83288261,-0.69888979,-0.253958325,-0.636371176,-0.963851057,-0.772765656,-0.729547876
-1,-0.906976133,-1.469427116,2.143950483,-0.779041163,0.851794375,0.497301454,-0.586852484,-0.741316063,2.637204132,-0.779432012,-0.707351739,-0.976842697,-0.102861313,-0.759269852,0.106390353,-0.180727888,2.583254803,-0.344746908,1.829865745,2.050397777,0.596385218,2.183551683,-0.737780851,-0.528635418,-0.868887122,-0.711400566,-0.71254913,1.122366437,-0.748019174,0.888363296,1.440277517,-1.191656522,-0.765407725,0.984994787,1.623436424,-0.023668314,2.122918445,0.900850338,-0.718140234,1.885623925,-1.072634801,-0.045167344,1.221103992,-0.147216409,-0.734317434,2.058607022,-0.480272053,0.796858157,2.128427109,-0.727442717,1.85674607,1.283110785,1.607138642,-0.759239484,-0.786934339,2.036850523,0.656320254,0.379450977,-0.821417858,-0.710781835,1.762036634,2.338093976,1.686890166,2.177960533,-0.724670009,-0.910698706,-0.130769681,1.565532278,1.604583024,0.005334217,0.90232463,0.890920453,2.082367296,-0.775195167,0.840714272,-0.72279408,1.486139951,0.542306495,-0.659991545,-0.810856881,-0.760817675
-1,-0.508006663,-0.471571661,-0.212974775,-0.285008931,0.15009268,-0.587337818,-0.232036356,-0.252884175,0.777697417,-0.294775797,-0.31568833,-0.589376512,1.031083727,-0.412756301,0.290721717,2.010569612,-0.174737792,-0.836214815,0.209166185,-0.304239548,-0.572610645,-0.628459814,-0.362257063,0.084489936,-0.508243325,-0.358363606,-0.19491304,-0.705480834,-0.236806184,-0.157675038,2.544485336,-0.771709001,-0.325550032,-0.335040734,-0.31699049,-0.49247098,-0.332017692,0.144290914,3.297775965,1.186942026,-0.673902895,-0.192122498,-0.671334787,-0.214952946,-0.271629283,5.094024596,-0.159331357,-0.396600368,-0.40772439,0.823359149,1.20138615,-0.216837546,-0.260958831,-0.221598876,2.496791311,0.922203175,-0.464872034,0.295722685,-0.42065437,-0.67235555,-0.839836395,-0.341781911,-0.533822555,-0.475654981,2.082152138,0.85044956,-0.216140843,-0.567632703,2.900349333,2.946012868,-0.837539302,2.17847811,-0.419277795,-0.263649738,-0.454259442,-0.16195025,0.516195259,-0.342096331,1.285769847,2.365698394,2.171298403
-1,-0.655475845,-1.160828021,-0.446959527,0.556435101,-0.059944011,0.759439414,-0.354017018,-0.515543578,0.476589093,-0.545035863,-0.495472353,-0.695369294,-0.503538932,-0.551705428,-0.564640836,-0.526096502,-0.439205266,-0.426448745,-0.98590146,-0.53951483,1.096346267,0.114792213,-0.488231445,-0.643893319,-0.638745221,-0.484381146,-0.426187793,-0.81434569,-0.501304337,-0.420401914,-0.656704098,-0.892182861,-0.548827149,-0.618215097,-0.558585063,-0.12913655,2.004179121,0.629611115,0.617346671,-0.316030632,0.278630537,-0.468830758,0.395978971,-0.381145602,-0.528337734,-0.467251107,-0.265686397,-1.004356481,0.271110756,1.269061201,-0.196877086,-0.461142255,-0.524086713,-0.528060083,-0.562473193,-0.566353841,-0.667797416,0.019037147,-0.607926771,-0.784017252,-0.960486744,-0.6002141,-0.717901657,-0.713694123,-0.442955811,0.544823798,-0.407338886,-0.669401765,-0.543457184,-0.342881206,-0.954791661,-0.627665092,-0.651397226,0.63889531,-0.693316272,-0.394115268,0.222960024,-0.484727597,0.350236698,0.406712173,-0.485495619
-1,0.481793191,-1.225654524,0.470900548,-0.620697584,-0.753932922,-0.280545268,-0.418438535,1.771266233,-0.614715928,-0.610489198,-0.586142587,-0.752536416,-0.641794949,-0.605242395,1.099959133,-0.645612508,-0.57887819,-1.01237118,-0.51354698,-0.611611432,1.767773493,-0.70339587,-0.55199508,-0.699596925,-0.68859103,-0.55007149,-0.548330682,0.502087205,-0.608771215,1.409019184,-0.721380255,-0.955499745,-0.606323309,0.421089984,0.335222219,-0.665751442,0.378578417,-0.831485649,-0.564604678,-1.094703039,-0.231000497,0.559811862,-0.842523471,-0.468916753,-0.589468526,-0.541113417,-0.32185557,-0.415837713,1.230626609,-0.541753708,-0.16396344,-0.59016664,-0.59577472,-0.632540542,-0.669329085,0.385038777,0.096902402,-1.129827887,-0.669624529,0.129537368,-0.60226463,-0.703974464,-0.010285369,-0.774315954,-0.555139589,0.943666267,-0.508316105,-0.723918663,-0.599140222,-0.471196593,-0.005281124,-0.702543825,-0.734669892,-0.642760243,-0.755012082,-0.516728331,-0.759038569,0.022160202,0.224135896,-0.671589852,-0.607313467
-1,-0.872645367,-1.1843336,0.889705643,-0.755944088,0.833404968,-1.491198056,-0.565020528,-0.721165678,-0.73626702,-0.75394034,-0.688335441,-0.935680774,0.504277571,-0.733391623,-0.019258113,2.331384628,0.982486397,-0.782008037,1.249795435,-0.73371728,1.776393486,1.218610875,-0.703963954,-0.875842571,-0.8379123,-0.683325959,0.464484005,0.669369914,-0.729200641,1.74794203,-0.834983869,-1.14991339,-0.740631555,-0.833563418,2.66920176,-0.844734528,0.7516581,-0.974673819,-0.696655758,1.390676733,0.623392824,2.604472546,1.013838894,-0.579177106,-0.713617151,-0.654113113,-0.464872946,-0.44977322,-0.795593387,-0.711042839,1.322371562,1.711514759,-0.010505162,-0.743532368,-0.17686087,-0.794028246,1.093927198,0.765202941,-0.796904407,-1.023499543,0.869472874,2.573490211,0.794804437,-0.878752129,-0.707501034,-0.88516117,-0.58953544,0.955693903,2.203092652,-0.688182004,1.487776996,1.780229064,0.515835198,-0.763284747,-0.845553052,-0.709645241,0.073655627,0.758986795,-0.991220247,-0.789682256,-0.743516351
-1,-0.832850523,0.326261665,3.187592491,-0.727979858,-0.859757971,0.048030413,-0.53929311,-0.696563466,2.09658829,-0.723363756,-0.665193858,-0.889354279,1.680550014,-0.702904018,-0.743210178,0.851270218,-0.708270824,-1.156777795,1.003688334,-0.707693426,-0.903714637,-0.744028894,-0.665691593,-0.831709133,-0.112665038,-0.650813857,-0.674753104,0.634692049,-0.706086127,0.181161002,-0.809610084,0.992586481,-0.010658933,0.022365633,-0.772062118,-0.799064791,1.464111794,0.732989048,1.902169794,0.630367944,0.846293367,0.16840627,-0.976633825,-0.559134723,-0.688423459,0.671909491,-0.446313099,-1.229386876,1.618599668,-0.690720924,1.024883943,0.092119774,-0.697996588,-0.72396129,-0.747088178,1.507350424,1.385004507,0.144238596,-0.206535659,-0.979048519,0.855014833,-0.780098275,-0.288357604,-0.190406161,-0.686316997,-0.854391568,1.869085547,1.693752778,1.100295111,-0.668824801,0.749890206,1.728778564,0.677120583,-0.748197226,-0.826092088,-0.693115382,-0.844969844,0.493966267,-0.949760124,-0.763824703,-0.722113824
-1,0.897195756,1.133961684,2.991842783,-0.758115732,0.822350059,-0.180200769,-0.567049586,-0.723066923,1.832326994,1.162132352,-0.690127116,1.055483067,1.859836642,-0.735796238,-0.782466913,0.678504724,0.567891218,0.223872498,1.487804455,2.068804191,2.360176988,0.486750607,0.860364322,-0.47287773,0.449809724,-0.069090198,-0.697232993,1.277975624,-0.730980637,0.048714666,-0.836939223,0.369561115,-0.742951522,2.213362817,-0.79501778,0.553472571,-0.807986309,1.09228266,2.641065317,1.877482816,1.744903963,2.525613168,1.616386325,-0.58072915,1.401414855,2.968785916,-0.46631802,1.80623506,2.314483971,-0.71259968,1.569174174,-0.729583043,1.280888862,-0.745026835,-0.184140775,1.046657355,1.080756818,0.821071833,0.289074913,0.281516713,1.793178353,2.691964376,0.782400445,1.31530861,0.366381902,-0.392420328,1.024002392,1.663161423,-0.736707631,-0.689662988,1.513281818,0.230059801,2.374907182,-0.764425572,1.555180715,-0.710900826,1.42226278,0.516576593,-0.604320403,-0.791680204,-0.74515761
-1,1.166129762,1.422596521,-0.745112077,-0.180362706,0.178465273,0.264517312,0.001512461,-0.75141464,-0.768277487,-0.792369905,-0.716906235,0.686831807,1.583418315,-0.772588438,0.464982102,1.288025811,2.372067715,-0.287826665,1.466049263,1.304060107,1.592101276,-0.186071915,1.038064758,0.286751089,-0.884967544,-0.72603781,2.225693627,1.444888366,-0.757410869,-0.737863618,0.480089814,0.059565449,0.142310384,2.173318194,0.155668997,0.855316063,-0.227952059,1.353850655,1.727926535,1.174253824,1.184609326,-0.746062296,0.797015042,-0.603930041,1.760000346,0.512018292,-0.48806158,1.72132014,2.084861063,-0.73557785,1.355231928,0.28405294,2.037518246,0.397825894,0.586881303,0.537469325,2.0645918,2.303523637,-0.833853483,-1.082507859,0.764076875,1.54847548,0.442518581,1.341644201,-0.733212071,-0.490646501,1.651684179,-0.954115734,-0.776438267,-0.04455836,1.970747119,2.316308612,1.122404646,-0.78101558,2.266043389,-0.115964758,2.205596535,-0.095181009,-1.045562689,-0.821469065,-0.769410225
-1,-0.824862367,-1.36626315,-0.706700574,0.080055187,-0.853184223,-1.428085304,-0.080431791,-0.69146663,-0.705034441,-0.717099989,-0.660408696,-0.880212321,-0.723858311,-0.696723748,-0.223818648,-0.731589183,-0.703972075,-1.147181148,0.200189527,2.084957689,-0.89777923,-0.741803506,-0.658118146,-0.822957015,-0.794563298,-0.644291565,-0.670398456,1.035258811,-0.701278905,-0.701752379,2.431824576,-1.092470648,-0.704840703,-0.809323845,-0.767593979,-0.790084381,-0.775172455,-0.934824969,-0.665258029,-1.229270809,0.28038928,-0.697085306,0.744595338,-0.554991551,-0.683214638,-0.625183972,-0.442499165,0.847078559,-0.762155211,-0.686470168,-1.342250126,-0.707162587,2.987028325,-0.719852999,0.388606595,-0.766553,2.229648322,-1.270294258,-0.761428293,-0.970170029,-1.15736788,-0.775889833,-0.861379625,-0.851166811,-0.681898129,-0.848067841,-0.569674342,-0.844380179,-0.695025371,-0.664770055,-0.064547198,-0.782791966,-0.806694349,1.11804099,1.473528551,-0.689625073,-0.839881709,-0.624130405,-0.941430408,-0.75846642,-0.717641892
-1,-0.796113219,-1.065290396,-0.693996847,-0.701079278,-0.829210911,-1.390246751,-0.515172991,-0.672693663,-0.685382938,-0.694226903,-0.642806834,-0.84769709,-0.70844629,-0.22020471,-0.709564831,-0.713403938,-0.688011895,-1.113002125,1.261345819,-0.682592512,1.772381575,-0.733368457,-0.631139571,-0.791727014,-0.768351791,-0.620829206,-0.6542726,-0.95541248,-0.683518805,-0.689755872,-0.784860784,-1.058196571,1.907421524,0.135095273,-0.75098819,-0.758228111,-0.755581462,-0.910020687,-0.645567453,-1.196161881,-0.951331389,-0.681327769,-0.936866198,-0.539755464,-0.66405927,-0.607127317,-0.414811063,-1.181972588,-0.741186396,-0.670694295,-1.306834914,-0.693451955,-0.673286992,-0.704563081,-0.725455594,-0.748951732,-0.787340247,0.594745188,-0.739357937,0.089061225,-1.124014794,-0.76021321,-0.838628537,-0.833405235,-0.665533884,-0.824911693,-0.556826135,-0.41934384,-0.671338234,-0.647537299,-1.10230534,-0.763995814,-0.790088862,-0.732972055,-0.806682733,-0.67657349,-0.821036661,-0.60730271,-0.911426574,-0.738724401,-0.701059164
-1,-0.786650108,-1.050771752,-0.689643454,-0.693988003,-0.82121391,0.70633623,-0.508692802,-0.666369257,-0.678777354,-0.68658899,-0.636884363,-0.837117605,-0.703200146,-0.666894524,-0.700889054,-0.707257682,-0.6825905,-1.101863043,-0.362806174,-0.675964726,-0.868522597,-0.730440381,-0.622350103,-0.781534198,-0.759702839,-0.613110215,-0.648809578,1.335670392,-0.677516797,-0.6856389,-0.778280981,-1.046952599,-0.675207399,-0.788226168,-0.745341404,-0.334389689,-0.748965272,0.766330667,-0.638960089,-1.185210677,2.341476859,-0.675975062,-0.443981034,0.079014347,-0.657616446,-0.601080241,-0.404468938,0.394193639,-0.734148626,-0.665337594,-1.295144254,-0.688767115,-0.666751954,-0.69935635,0.516291851,-0.742981622,-0.087345237,-0.490029256,-0.731978561,-0.927869051,-1.113041471,-0.754869632,-0.830990781,-0.827364748,-0.659989829,-0.817155719,-0.552447554,-0.404320936,-0.663516642,-0.63967091,-1.092899105,-0.757638997,-0.784435689,-0.728839466,1.176031679,-0.672106958,1.198059686,-0.601649118,-0.901540678,-0.732070949,-0.695433356
-1,-0.730919377,-1.251778465,-0.620756838,-0.644259534,-0.77308819,-1.30450216,-0.444620833,-0.618626484,-0.637220451,2.023932045,-0.600748,-0.775887303,-0.66166103,-0.6226501,-0.649740704,-0.666855923,-0.633665279,-1.037167231,0.195014163,-0.633814303,-0.823329411,-0.711549331,-0.571421712,-0.72228671,0.738057295,-0.567693028,-0.597972194,-0.891389712,-0.630177412,-0.615548069,-0.737850328,0.995603358,-0.629905342,-0.754624643,-0.71025385,-0.688338848,-0.706588926,1.786761451,-0.58666362,-1.120197163,-0.878973623,-0.628143259,1.093404063,-0.500941589,-0.611742403,-0.564467731,-0.344683938,-1.099090092,-0.691387348,-0.588436261,-0.088982294,-0.642604941,-0.618332013,-0.653323854,0.708020992,-0.7036774,-0.735692586,-0.850326315,-0.687419034,0.240091734,-1.048390711,1.369039279,-0.784554142,-0.789818084,-0.600733503,-0.770177972,-0.525149775,-0.746094656,-0.617222576,-0.523346743,0.902560918,-0.718512291,-0.749233711,-0.696010609,-0.768675168,-0.566560932,-0.775206239,-0.567233989,-0.843199099,-0.691364882,-0.6559226
-1,0.675780752,-0.565300712,-0.102780031,-0.775162286,0.112658239,1.037979902,-0.583146082,-0.737943072,-0.753995096,-0.775135358,-0.704164237,-0.969719394,-0.76097406,-0.754875444,-0.805523181,-0.776229657,2.404928315,-1.240985668,2.311547349,-0.75156074,0.202491929,-0.761122621,0.698221706,0.04854745,-0.863602877,-0.706600007,-0.709728362,-1.052832101,-0.744876377,-0.730035415,-0.852212151,-1.184488741,-0.761230904,-0.17456575,-0.807697023,-0.878466086,-0.823362178,0.851469551,-0.714533322,-1.016888628,2.01529917,-0.735237152,1.527386617,-0.592889983,-0.730848148,-0.67067861,-0.477681277,0.610998233,-0.814644725,-0.724713016,-0.128601507,-0.739852833,-0.741008287,-0.756630615,-0.783963622,1.163859151,2.089337653,1.746205376,-0.817287355,-1.05555515,1.652803136,-0.813510615,-0.918317872,1.476124342,-0.721807593,-0.906401051,-0.600497382,-0.927438886,-0.757248159,-0.701176164,1.278606476,0.455079511,-0.846680668,-0.773229131,2.151389486,-0.720617433,-0.885837329,1.406733096,-1.020846544,-0.807312463,-0.757936038
-1,-0.921296965,-1.487892733,-0.743888138,-0.788385857,-0.929882436,-0.585606628,-0.595852009,-0.749423395,-0.766163637,-0.789809899,-0.715020898,1.008714644,-0.769911997,-0.769942504,-0.40230676,-0.787172317,-0.75197089,-1.26681261,1.36766975,-0.763818788,-0.96519992,-0.765571221,0.233245767,-0.931168512,-0.881764968,-0.723119174,-0.719310222,-1.070663142,-0.755561119,-0.736716837,1.942929135,-0.360659527,-0.77549762,-0.855898441,-0.817380408,-0.903010606,-0.835196535,1.087422023,-0.726827675,0.736963021,-1.08813185,-0.744468929,-1.072155973,-0.60229648,-0.742663377,-0.682117589,-0.486521672,-1.346787847,-0.827755512,-0.733978215,-1.460049257,-0.747654099,-0.752983238,-0.765476554,-0.794053026,-0.215196779,-0.876805308,0.495601038,-0.831393041,-1.078449332,0.678604245,-0.249107471,-0.157731785,0.266433815,-0.731531058,-0.921068454,-0.607888995,-0.950083244,-0.773563993,-0.709970072,0.717040865,-0.840136458,-0.856311586,-0.779875686,-0.867231285,-0.727985968,1.191739314,-0.67662129,-1.041852844,-0.819376486,-0.767720095
-1,-0.899407507,0.338099448,-0.736147097,-0.774032887,1.911490048,-1.223946815,-0.582070037,-0.736960125,-0.752954675,-0.773885522,-0.703235687,-0.967662233,2.614240429,-0.753599757,-0.803974694,-0.775291188,-0.741814005,-1.238832106,0.389939687,-0.750513062,0.627844321,-0.760735981,-0.73025668,-0.906072529,-0.862070801,-0.70520903,-0.708905475,-1.051316102,-0.743959959,-0.729457803,-0.851204427,-1.182414299,-0.760015988,0.321502472,-0.806863814,-0.876423177,-0.822347636,0.694709862,-0.713483018,0.155853706,-1.064427798,-0.734443144,-1.048536293,0.896761197,-0.729837464,-0.669703237,-0.476927293,0.789676831,-0.813525068,-0.723916358,0.035326492,-0.739179863,-0.739983859,-0.755868802,-0.783096904,-0.808453103,-0.862126736,0.829270524,-0.816085772,-0.041615315,1.208084622,0.603052295,-0.917103194,1.614825491,-0.720972562,-0.90515043,-0.599860361,-0.925545493,-0.755870667,-0.700419527,0.583849362,-0.827891646,0.890572051,-0.772654112,-0.857758346,-0.719981282,-0.884875592,1.975088932,-1.01907698,-0.806279564,-0.757095183
-1,-0.856490622,-1.405531229,-0.719794187,-0.744743246,-0.878984591,-1.469817804,-0.554628392,-0.711337979,-0.725911422,-0.741656585,-0.679081993,-0.916709187,-0.739909512,-0.721076741,-0.764824877,-0.750742159,-0.720648047,-1.185466227,0.388000186,-0.723302163,0.602681845,-0.750328131,-0.688314237,-0.857815187,-0.823287147,-0.670123682,-0.68731883,-1.012356781,-0.719985221,-0.714089619,-0.824863974,-1.130416326,-0.728696031,-0.825629295,-0.784916626,-0.825998998,-0.79583097,0.650472678,-0.686231467,-1.265404089,-1.01767931,-0.713548686,-1.002190638,-0.57116193,-0.703542894,-0.644487157,-0.457428363,0.406282436,-0.784489797,-0.702964131,-0.651132699,-0.721357527,-0.713327484,-0.735766137,-0.760345772,-0.784986985,-0.832142893,0.750471637,-0.785083505,-1.005407366,-1.194120534,-0.792182345,0.857908617,-0.86969345,-0.699067843,-0.872819045,-0.583027199,-0.878407593,-0.720946982,-0.680492401,-1.160497388,-0.802569408,-0.823986571,-0.757330522,-0.837844975,-0.703105154,-0.859651425,-0.642027037,-0.974395982,-0.779354145,-0.735003371
-1,0.09789664,-0.807286078,-0.161850158,-0.790138023,0.963087143,0.337989593,-0.597550839,-0.750940597,-0.767774168,-0.791760059,0.752890518,-0.997745229,2.592371734,-0.771957635,-0.826357144,-0.788615952,-0.753201065,-1.270324314,2.215119377,2.126824031,0.829062493,-0.183826415,-0.754868749,-0.934306361,-0.884203669,-0.725341502,-0.720572508,0.977219274,-0.756970605,3.176872525,-0.865518491,0.714394651,-0.777393902,2.704553908,0.15868771,-0.906354072,-0.225753474,0.761717472,-0.728456269,0.851792135,1.478935582,2.500655993,1.387376361,-0.603541094,-0.744226367,-0.683635999,-0.487694804,0.651709636,-0.008989289,-0.735197234,1.000405081,-0.154512892,0.595788499,-0.766638473,0.069845795,0.54116982,-0.878596706,-1.15574359,0.951381176,-1.081539218,1.228763046,1.392162222,0.94265178,1.471944994,-0.732812031,-0.189565731,-0.608859139,-0.953152795,-0.775752776,-0.711126269,-0.564584374,2.382381114,0.559134128,-0.780744558,2.57932369,-0.728951324,2.153620603,-0.678008582,-1.044677659,-0.820970895,-0.769008052
-1,-0.577371217,0.681820525,1.762345662,-0.393509369,-0.645810052,-0.669103922,-0.283469236,-0.36363394,-0.415803449,-0.400297408,-0.391493871,0.331303878,-0.349143382,-0.471343897,-0.472462926,-0.389754745,-0.286249926,0.498822568,-0.281115439,-0.403442858,-0.672444474,0.287013447,-0.415373886,-0.57795612,0.378055688,-0.411498627,1.524758835,1.858291404,-0.348331254,-0.268453252,-0.527208131,-0.822450384,-0.424160244,-0.454440587,-0.418858315,-0.546628741,-0.445480761,0.045836187,-0.328772047,1.024187977,1.406768811,-0.308795932,-0.08263339,-0.285027717,-0.379869842,0.980730936,-0.204175727,1.18000323,-0.497494425,1.522594272,-0.060110702,1.707184188,-0.371906129,-0.350817576,0.548215372,-0.416408456,2.140870826,-0.64263731,-0.49961737,-0.719326397,1.014901808,0.722491288,-0.622565333,0.472873819,-0.320103741,0.220403411,-0.296759081,0.550429181,-0.463475351,-0.202363465,0.628007653,1.676275973,-0.517150447,-0.368255518,1.738464586,0.842607813,0.389205705,0.231129005,0.247574009,-0.438199712,0.738258935
-1,-0.416211715,-0.075080461,-0.082412231,-0.141422739,-0.476546728,0.057466649,-0.16397164,-0.106321292,-0.17734667,-0.155131693,-0.215369573,-0.522727454,-0.087619965,-0.335223251,-0.316327066,0.960622474,-0.027166013,-0.772866304,1.654872119,1.605984674,-0.44049358,0.613072652,-0.291963868,0.184643701,-0.426376141,-0.28804633,2.634193847,0.144388359,-0.089217286,-0.011074506,1.450308726,-0.705156005,-0.195052266,-0.177030587,1.917896428,-0.42080024,-0.181864104,-0.553083723,-0.079390042,0.776228074,-0.568409309,-0.03772041,0.116562095,-0.122218117,2.492303766,0.414762527,-0.099985675,-0.805817858,-0.288925446,0.944717277,1.170918103,3.157154642,-0.114134539,-0.050594764,0.804690899,1.068703934,-0.341790794,1.062817439,1.490031491,-0.603767225,-0.223156433,-0.197577796,-0.416383052,-0.342830104,0.896666828,-0.420122019,-0.10945311,-0.497518348,1.368241424,0.035652978,-0.762943656,0.884340147,-0.289756092,-0.125217619,2.258071075,-0.032403111,0.690940827,0.414784721,1.539131058,2.465879483,0.969170568
-1,-0.484521162,-0.669049969,0.931520372,-0.248272774,-0.548291081,-0.042330456,-0.214622174,-0.21538644,-0.278419525,-0.259048213,-0.290022035,-0.57459984,-0.198469899,-0.39291967,-0.382507181,-0.256699827,-0.136981933,-0.235598532,1.075049427,-0.27065122,1.124078077,0.470352628,-0.34427273,-0.495758587,-0.487297817,-0.340373113,2.517730199,0.773571031,1.056939884,1.127407137,0.621060097,0.687027257,-0.292162515,1.050056717,2.654795524,-0.474134206,-0.293601284,-0.633945778,1.677204342,0.833007133,2.047297896,-0.152619122,-0.65529391,-0.191226979,-0.234981117,1.158684662,-0.144147917,0.625562718,-0.377329987,1.781473162,1.6646081,-0.181960161,-0.223394215,-0.177847915,-0.314740121,-0.270077857,-0.433382016,1.008378959,-0.393919021,-0.656541317,1.396043472,0.922293564,0.986166708,1.402537418,0.808463872,1.541755877,1.37257867,-0.553388471,-0.385421667,2.98006148,0.47985853,0.749268379,-0.386140001,-0.228232238,-0.420131253,2.076093926,-0.458149209,0.793322826,1.415709555,1.444189173,-0.221906978
-1,-0.365413306,-0.551807915,1.100930836,-0.061963572,1.152509658,-0.416294863,-0.126305306,-0.025214855,1.053671901,-0.07785404,1.357072413,-0.481972075,-0.005186269,-0.292317234,-0.267112138,2.376393513,3.096769558,-0.738228934,0.006577399,2.112067588,-0.367381314,0.722526683,-0.253064315,-0.390315762,-0.381071657,-0.24913345,0.005552527,0.987695328,-0.007543062,0.070052766,-0.238721455,-0.055292047,-0.122836104,-0.089589348,-0.107579855,0.16914804,-0.098770606,0.874660026,-0.000783389,0.316135621,-0.51003021,1.361690441,-0.537105145,-0.070899588,-0.049118161,1.021580078,-0.067144367,-0.767186753,-0.223183295,1.011875655,0.816435665,3.012885623,-0.03288344,0.044037206,1.738376964,-0.082365268,-0.273678863,-0.838243325,-0.258329398,-0.556611073,0.841618414,-0.117776678,1.235424026,-0.269326142,1.970936251,1.814445961,-0.050413182,1.456556246,1.465145914,3.335092212,1.741973034,-0.180100934,0.884153394,-0.048610665,-0.247048486,1.141736921,-0.295405776,-0.21846564,1.713841303,0.936802633,1.040395713
-1,-0.300413217,-0.880727783,0.082291237,0.039709944,-0.354925363,-0.004656842,-0.078108617,0.078566459,-0.006007492,0.02102808,-0.088818368,-0.429822739,1.367958355,-0.237416009,-0.204138223,0.007128426,0.158994452,0.53043445,0.550825904,-0.007345013,-0.273829097,1.611038463,-0.203289639,-0.332773018,-0.323101428,-0.199341721,0.096933218,-0.488448612,0.096964774,0.17386074,-0.150252667,0.825241351,-0.030430514,0.022297785,2.282331906,-0.330388249,0.00755329,-0.416005985,0.099799278,0.591597864,0.892237698,3.371539198,1.211984039,-0.005233969,0.052311828,-0.150909106,-0.025121634,-0.164999051,2.229153461,2.130570677,1.185564488,0.091451248,2.723601355,0.165125377,-0.072127683,2.414723833,2.429658915,-0.790997955,-0.184334805,-0.496271505,0.255753882,-0.015665609,0.727065793,0.955070856,0.037511713,1.664992372,0.025132502,-0.40212847,-0.23065274,0.20667576,-0.613719437,-0.085371022,-0.126365636,0.049413247,-0.152592961,3.438369246,-0.20659268,-0.162109537,2.104932806,2.604581128,2.226833161
-1,-0.29580602,0.07134413,0.088844183,0.046916547,1.285688555,0.001776971,-0.074692443,0.085922463,0.000809463,0.02803683,-0.083783361,-0.426126402,1.375434735,-0.233524619,-0.199674642,2.165168538,1.422241237,-0.285442917,1.106796595,-0.000755925,-0.26719813,-0.463849246,-0.199761617,-0.328694397,0.34740039,-0.195812491,1.201632729,1.552518616,0.104372274,0.181218633,0.9192449,-0.611009259,2.694155531,0.030228328,1.141871207,-0.326791089,2.781807629,-0.410552166,1.315741298,0.744743204,-0.430035371,0.164805883,0.706124,-0.0005796,0.05950117,1.144499593,-0.02214307,0.164964035,0.877883356,2.136661652,0.826068869,0.098293213,0.078452102,0.173708088,1.922693865,1.258461899,-0.180347464,0.419826887,1.750096077,-0.491994646,0.83010913,-0.008427992,2.364478145,-0.16860623,0.043460646,1.269142939,0.030487168,-0.398333258,-0.226779736,0.213480128,-0.607782354,1.059817149,-0.11986493,1.234422539,-0.145897967,1.239971354,2.221419284,-0.158115025,1.303943828,-0.048370967,0.042693106
-1,-0.466293321,0.202644073,-0.153644712,-0.219760679,-0.529146662,-1.03229897,-0.201106476,2.407286193,-0.251449025,-0.231318903,-0.270101609,-0.562907745,-0.168890462,-0.377523832,-0.364847535,-0.230579175,-0.107678414,0.170756807,0.276472295,-0.244582254,-0.512574178,-0.613019281,-0.33031452,-0.479621993,-0.471041345,-0.32641012,-0.136270134,-0.67355042,1.871399441,-0.091057013,-0.376024847,-0.74135316,-0.266249405,1.081432996,0.891495913,-0.459902455,-0.263785092,-0.612368372,-0.156887498,1.379710431,0.612933717,-0.1219593,-0.641781035,-0.172812505,-0.206537313,0.372185686,-0.132363568,-0.053114998,1.606475488,-0.154254665,0.738081905,1.005205294,-0.194239125,-0.143891408,-0.290719967,-0.241350992,-0.408941615,-0.912428475,-0.373168869,-0.644309232,-0.280050643,-0.276252863,-0.480455848,-0.415296871,0.832000141,0.930778034,-0.167659941,-0.538773446,-0.370098573,-0.038312539,-0.806859607,-0.327121578,0.741812758,-0.200743593,-0.393643284,-0.103081606,-0.433243534,0.367717552,1.146413575,1.487904504,0.898950462
-1,-0.267205637,-0.454269592,0.129523315,0.091653434,-0.320047958,0.041804537,-0.053485645,0.131586791,0.04312751,1.259920879,-0.05252723,-0.403180418,0.154181343,-0.209367789,-0.171965785,2.721893488,0.21237976,-0.672354146,-0.647597101,0.040147571,-0.226034659,2.070565941,-0.177860495,-0.303375284,-0.293485298,-0.173903867,2.340063179,1.414664394,0.150356276,0.226894692,2.312123582,-0.58367295,0.01677813,0.079459259,0.03664657,-0.304460768,0.061872589,-0.37669615,0.151185468,0.913318834,-0.397166928,0.212912657,-0.435072597,0.028313621,0.104130903,-0.122677706,-0.003652845,0.602403719,-0.096085154,0.108950546,1.244643514,0.140766508,1.373676887,0.226987525,-0.028367639,0.072408868,-0.141999268,-0.337411234,-0.146532066,-0.465444916,0.727124727,0.036501419,2.430197084,2.014946528,2.784855304,0.705342424,0.971643395,0.96490284,1.665049619,2.563162443,-0.570926351,-0.036974918,1.022723376,0.099492208,-0.104337035,0.177884181,-0.161219389,-0.133318042,0.971980548,-0.00877356,0.082794095
-1,-0.47477878,0.191705349,0.945377237,-0.233033684,-0.538058808,-1.039435551,-0.207398329,-0.199831427,2.373723378,-0.244227505,-0.279375004,-0.568502097,2.847089172,0.230959068,0.331673612,0.87669537,-0.121319844,-0.813185967,-0.837284856,-0.256717929,0.50846384,0.4903442,-0.336812373,-0.487133931,-0.478609089,-0.332910199,-0.148199459,0.065462933,-0.18338204,1.142966145,-0.387574037,-0.747515033,-0.278312526,1.066826651,-0.26819248,-0.466527647,-0.277665182,-0.622413127,-0.170018097,0.46595229,-0.635716388,1.177734156,-0.648061563,-0.181384846,2.051154786,-0.299145862,-0.137849441,-0.06385215,1.192094251,-0.165472924,-0.135035235,3.166114924,-0.207811458,-0.159698906,1.945985375,-0.254723977,1.164792544,-0.918703747,-0.382828519,-0.649998639,0.936454556,-0.289582989,-0.491311872,-0.427575108,-0.187633689,1.283745605,0.730393647,1.016278198,-0.377231809,-0.050844713,-0.813120912,1.480157485,-0.372393603,-0.213540159,-0.405974014,2.089843023,-0.444837671,-0.313287232,1.344639797,0.77644698,-0.208247051
-1,-0.256764304,-0.443864602,0.144374317,0.107985828,0.491296603,-0.857214636,-0.045743537,0.148257773,0.058576842,0.087429482,-0.041116345,-0.394803375,0.171125135,-0.200548693,-0.161849928,1.18911197,0.2291655,-0.665447319,-0.635487575,2.323698861,-0.211006836,0.962848901,-0.169864907,-0.294131867,-0.284173211,-0.165905539,0.158297255,-0.43974179,0.167143963,0.243569956,0.972382879,-0.573693101,0.031621764,0.097432324,2.884611743,-0.296308488,0.078952,0.518564323,0.167342633,0.474903857,0.966927618,0.230475319,0.317920221,0.038861862,0.120424178,-0.113801015,0.003097505,0.873217109,1.656008693,1.155515798,0.610493977,0.156272518,0.140898593,0.246438606,2.927028178,0.088864287,-0.127999236,1.679679016,-0.134645894,-0.455752229,2.058499506,0.052904099,0.787022431,-0.112113893,2.814893776,1.348631592,0.075863001,-0.366172352,0.921373901,0.271140833,1.296268011,2.663191161,-0.064777481,0.115238346,-0.089164108,0.192619685,-0.146952837,-0.124265241,0.988599841,1.087227844,0.097434031
-1,-0.509658602,-0.187193713,3.175902615,-0.287592904,0.147921891,-1.068763557,-0.233261247,1.653467733,1.833722943,-0.297288828,-0.317493663,-0.590419855,-0.239261966,-0.414151583,-0.40686104,-0.292721993,-0.17739349,-0.48255374,0.20651599,-0.306602107,-0.57498822,-0.629053604,-0.363522057,-0.518012053,-0.509716605,-0.359629034,0.900987035,0.437638429,-0.23946219,-0.160313257,2.006055431,0.766856192,-0.327898466,-0.337884281,1.646782768,0.544543038,-0.334719852,-0.663702498,-0.223991954,0.7138072,0.844432767,-0.194901113,0.854406761,0.572554302,-0.274207067,0.329753928,-0.16039934,1.188930288,-0.409862292,-0.211586027,0.664700201,-0.219290776,2.050354845,-0.224676261,-0.347865555,-0.309694168,2.334540217,-0.178729148,-0.4225349,-0.673469959,-0.841051695,-0.344377004,-0.535935993,-0.478045293,0.776005749,0.847290347,1.320753803,1.581895924,-0.406553263,1.051362491,-0.83874862,-0.390321327,0.662686966,-0.266140959,1.952247768,-0.164281577,0.513118066,0.752772613,0.941918411,0.705758095,-0.257152527
-1,0.396153679,-0.526204145,2.248780634,2.361420782,0.376734957,-0.925979809,-0.107142281,0.016048642,1.091911609,-0.038538464,-0.131610305,-0.461237475,1.30441747,-0.270488482,-0.242073681,2.651720881,1.351886425,-0.325886232,0.042604695,-0.0633449,-0.330184911,2.577523068,-0.233273881,0.655860609,0.29669661,0.764162207,1.140107992,1.465837736,0.034009301,0.111326863,0.859680688,-0.650486434,1.024444199,2.601780579,1.077601146,-0.360960098,-0.056496177,-0.462357357,1.248021061,0.796660023,1.398603694,0.091194722,0.212967677,-0.044790908,-0.008789552,1.820414176,-0.05043611,-0.208926841,0.821245987,1.046042974,1.039898989,0.033302189,0.008453654,0.092181917,-0.123726426,1.189491575,-0.239026417,-0.409190685,1.25899022,-0.532620034,0.761739843,-0.077177271,-0.318329138,0.898413118,0.995629606,1.578066689,-0.020376184,1.734224892,2.052026832,2.456288648,0.754866189,0.996037451,-0.181614372,-0.009636314,-0.209492927,0.075759847,-0.26009365,-0.196058428,0.180107106,2.530635858,2.171931963
-1,0.683050189,0.617387964,-0.561266943,-0.616358175,1.218909266,0.133721325,-0.413607629,-0.592458315,2.45244555,0.383300752,0.164859869,0.471774148,2.684901249,-0.602004034,-0.626169709,0.951295944,1.780003896,0.468832358,1.448433247,-0.60751981,2.242419805,1.996802558,0.435740611,0.126726748,0.148335206,0.46103487,0.458686821,0.315161003,-0.604821865,2.454574653,1.610337341,-0.493565542,-0.601983735,2.978608097,1.456011516,-0.661596488,1.027501833,1.175987036,-0.560543027,0.813865834,1.351838295,1.280908155,1.877041162,-0.462334881,-0.585365052,-0.535574555,-0.3176435,1.984699434,-0.670972057,-0.533140292,1.481782463,1.193670821,-0.591618979,-0.628700313,1.522080619,2.321514411,1.216050527,-1.125021046,-0.666298879,-0.359804298,0.941211582,0.357119586,2.144815325,0.146921434,1.739837715,-0.031057904,-0.500743923,-0.276004709,-0.595784064,-0.461574349,1.653966891,1.784091802,1.560950023,-0.632934998,0.175661527,2.318465377,2.122998011,0.644966047,1.086616847,0.269139489,1.021654888
-1,-0.641093688,-0.168988162,-0.414082328,0.59926414,-0.031240816,-1.185622227,-0.336877515,0.653415009,-0.522379367,-0.50987182,-0.470210899,-0.680264109,-0.466028708,-0.532181685,-0.542246317,-0.492972427,-0.402044939,-0.039254683,-0.013118033,0.501362797,0.201119169,1.183519445,-0.470530783,-0.629148647,-0.625361671,0.056930784,-0.393691376,-0.16239144,0.68750478,-0.383486159,-0.6252432,-0.079029334,-0.526557808,-0.578426266,-0.524638608,-0.596287348,-0.563301641,-0.766216665,-0.440230888,0.311622143,0.597627312,0.801161057,0.622735042,-0.357793871,-0.492267628,-0.447599858,-0.250742449,-0.986360662,0.307113074,0.623218332,-0.657581905,1.490310607,-0.487114613,-0.484999217,0.417329836,-0.52992478,-0.65199729,1.054446058,-0.581613125,-0.247862859,0.580173577,-0.563901792,-0.704724847,-0.680247241,-0.41310904,-0.690043367,-0.380473648,0.107767967,-0.524025688,0.844978627,-0.241238324,-0.59397764,-0.618782124,-0.476878923,-0.659726396,0.740956177,-0.683431809,0.146039649,1.039051889,-0.537923833,1.280805923
-1,0.902167124,-0.88676387,0.070777138,0.02704731,2.114562396,-0.015951879,-0.084111134,0.065641316,-0.017985481,0.008713093,-0.097665317,-0.436317527,0.087156709,-0.244253523,-0.211981127,2.615710433,0.145980335,0.117562569,1.082269306,1.098296602,-0.285480288,1.592069272,-0.209488682,-0.339939512,-0.330321162,-0.205542888,0.085552474,-0.497481914,0.083949148,0.160932276,1.714698738,-0.623150283,-0.041938901,0.008363126,1.123216572,-0.336708776,1.272122905,-0.425588824,1.296085237,0.162833213,-0.444633412,0.143439958,0.252256175,-0.013412103,0.039679523,-0.157791275,-0.030355234,-0.724423211,-0.149538339,0.054345865,0.913549629,0.079429316,0.058134781,0.150044801,-0.082795381,1.238442995,-0.197379258,-0.123366072,-0.193550247,0.76936423,0.932289939,-0.028382737,2.098610463,-0.186986333,0.027058916,-0.289807793,0.923639609,-0.408796991,2.346924659,0.19471989,-0.624151413,-0.097168885,-0.137787945,0.037205143,-0.164356651,0.119594882,-0.21765365,-0.169128245,1.736388658,-0.065957579,1.120182769
-1,-0.516389554,0.390244325,-0.224897997,-0.298121498,1.106808609,-0.59727516,-0.238252156,-0.266268579,-0.325573021,0.80712377,-0.324849631,-0.594676262,-0.250184695,-0.419836768,-0.413382175,2.300235798,1.067625815,0.012720202,1.799179132,2.045872045,2.464335403,-0.631459035,0.732193549,-0.523970775,-0.515719594,-0.364785115,-0.206698168,-0.711106193,-0.250284285,-0.17106288,1.211899217,-0.777826952,-0.337467339,0.995200439,1.627613023,-0.49901609,0.877178136,0.928043013,-0.234407587,1.566405672,0.832374552,2.910879619,-0.007928591,-0.223421669,-0.284710443,-0.33452123,-0.164750918,0.577713435,-0.418573337,-0.220484727,0.874501364,3.097631747,-0.274367107,-0.2372153,0.66325454,-0.320302069,-0.476112049,-0.352805941,-0.430197259,-0.67801327,1.214894341,2.655787275,0.920994937,0.595200096,-0.241362614,1.195218377,-0.225883772,-0.572738609,-0.412211585,-0.112299657,1.0047043,2.157218603,1.383339018,-0.276291625,-0.466441124,3.271899448,0.500605745,-0.349364429,1.437649824,0.69233176,1.632969085
-1,0.092638448,-0.174880964,-0.321639066,-0.404512514,0.050940854,-1.131460518,-0.2886851,-0.374865192,2.304504749,0.678589522,-0.399181392,-0.156192562,-0.360558427,-0.477285328,0.19752795,2.512530538,-0.29755849,0.490087992,1.526518309,1.234421887,1.30760471,1.349463266,0.427589332,-0.584183417,0.018939883,0.866646599,1.506687076,0.989500292,2.451095411,2.012199852,0.439032536,0.837637341,-0.434160411,1.670061514,2.343227687,0.833054137,-0.456987172,0.035995948,2.273899096,1.643136265,1.60482411,-0.32062791,1.719010677,-0.292134075,-0.390846632,0.967685346,-0.208723443,2.311101746,2.115136932,1.503427442,1.673807137,-0.330294504,2.737843463,-0.363921782,2.272536255,0.743042008,0.935042831,1.19405998,0.794637537,0.145766136,1.506731415,2.370496224,2.430389992,3.242339598,-0.329186658,1.052846024,0.579995995,2.158034195,-0.469388709,-0.212752471,1.508008226,-0.499256128,2.394717195,-0.378863701,-0.565279245,2.489222828,1.763789968,2.431468199,0.667480687,1.208689996,0.722858595
-1,-0.55652455,0.539545478,-0.281983133,-0.360900891,1.517659638,-1.108111072,-0.268011714,-0.330349455,-0.38495805,-0.36858418,-0.368711444,-0.620222001,-0.315314216,-0.453736113,-0.452266088,-0.359881294,2.659441843,-0.309173098,1.516236236,1.963757562,2.509756685,2.317618348,-0.399410276,-0.559501154,0.65445033,-0.395529547,-0.263122147,1.620030222,-0.31481376,2.739883875,0.488976445,0.042083041,-0.394524153,0.897545465,0.747870663,0.487255116,0.786788623,1.738779275,2.469293713,1.945698306,0.986139516,1.827756527,1.458481073,-0.263967603,-0.347339468,1.753203812,0.314335181,2.011570108,1.685817135,0.75921575,1.155487584,2.346695839,1.517949345,-0.311982479,0.587122758,1.569312708,2.306952133,0.86613921,-0.475886008,-0.145292754,1.232966469,2.082342448,1.502329014,1.705541749,0.715491205,1.110844408,-0.272530257,-0.597327054,1.727203955,0.982146181,1.574419381,1.730700118,2.990362287,-0.336817532,2.209866563,1.939023099,1.842356007,1.867535059,0.711661882,2.030583055,2.02958004
-1,-0.410360659,0.038420928,-0.074090109,-0.132270483,0.280293789,-0.985282408,-0.159633161,-0.096979301,-0.16868926,-0.146230708,-0.208975205,-0.518033173,-0.078125098,-0.330281255,0.869022383,-0.150427194,-0.017759714,0.955875653,-0.055651101,-0.164588872,-0.432072372,-0.590990644,-0.287483345,1.152573933,0.215215515,-0.283564271,-0.057636929,1.481626506,-0.079809896,-0.001730115,0.763329574,-0.107366506,-0.186734273,1.177712022,0.973637848,-0.416231911,-0.172293239,1.139126559,-0.07033598,-0.832397182,0.237023123,-0.027878743,1.331432451,-0.116307153,-0.119256673,-0.244380843,-0.096202952,0.396955189,1.32729142,3.004051048,0.36606118,-0.071827337,-0.104775885,-0.039694876,-0.217013428,-0.153201771,-0.333945534,-0.871188782,-0.309496423,-0.598335691,-0.768176959,-0.188386154,0.538111919,-0.33436378,1.835815869,1.940087613,-0.10265278,1.700298515,1.197065304,0.044294401,0.115446105,-0.245606364,-0.281500314,-0.116393887,-0.312364179,-0.024145711,0.702316367,-0.257435704,1.772654241,0.874572747,-0.117925521
-1,1.256123616,0.783966893,0.106690515,0.066543057,1.309990631,-0.316336654,-0.065388814,0.10595585,1.175230417,0.047124503,0.783644558,0.861952877,0.128130967,-0.222926781,-0.187518496,2.571728821,3.213469259,0.384759506,0.579748084,0.017188838,0.875180763,2.284182924,-0.190153381,0.330296914,-0.307802245,-0.186200964,2.942532886,1.868583969,0.124545905,0.201257167,-0.126904473,-0.599016553,-0.006043341,0.051826418,0.013071186,-0.316994559,0.035613705,1.39995292,0.126344499,1.621035836,1.258271311,0.185910795,0.284268731,0.012096139,0.07908067,-0.136325251,-0.014031227,2.357580869,1.598817221,3.371626063,0.847258375,0.116926663,0.09852122,0.197082298,-0.049521998,2.909967257,2.274883841,1.333525005,-0.16480656,-0.48034702,0.849788561,1.238464203,2.159814315,0.979892914,3.030539758,1.294615518,2.10186296,-0.387997352,-0.216231972,2.539453599,1.94056564,-0.060370428,2.044218117,0.075283176,-0.12766478,1.257678893,-0.183153619,-0.147236346,2.500490623,1.050546117,2.814595498
-1,0.117447504,-0.532049709,-0.292648818,-0.372630481,-0.631790942,-0.156938664,-0.273571936,-0.342322211,-0.396053443,-0.379991739,-0.376906507,-0.625024603,2.248432263,-0.460069805,-0.459531089,-0.370627068,-0.264791493,0.141559072,-0.905068695,-0.384353029,0.348234318,0.964648541,-0.405152543,-0.566139586,-0.558201678,-0.401273782,0.824558159,0.63402685,-0.326870331,1.000438759,-0.509040864,-0.81266969,-0.405184545,0.877699117,0.730756551,0.632667541,0.770248931,-0.713291455,-0.308117167,1.40225213,-0.717856826,2.29685265,-0.709612291,-0.271543133,-0.359040963,-0.375017025,-0.195546264,-0.458349712,-0.480219853,-0.283459241,0.852874243,-0.300025633,-0.350556388,-0.325951844,2.725071047,1.548820985,0.406443974,-0.984900774,-0.484422411,-0.710264742,0.714922849,-0.42978054,1.19921865,-0.556709582,-0.302868561,1.917987785,-0.281245603,1.644772946,2.148890366,-0.18264993,-0.117559816,0.591064038,0.55212506,-0.348126084,-0.535660576,0.861445281,2.918852548,-0.390663639,1.35188264,2.011633617,1.504634843
-1,-0.332713819,-0.519404131,3.962848297,1.211107839,1.6885438,-0.376612696,-0.102059078,2.200114015,1.102055112,-0.028109576,-0.124118309,-0.455737395,2.583207175,-0.264698166,-0.235431955,1.080275669,1.362907368,-0.71612334,1.035692628,-0.05354046,-0.320318156,2.598638494,-0.228024251,-0.361367829,-0.35190867,-0.224084808,2.247968182,-0.524492114,2.356476598,1.369850079,-0.194215609,-0.645648368,-0.076349777,-0.033302474,-0.059557841,-0.35560759,-0.04528242,-0.454242176,0.049816566,1.286292375,0.837258595,0.102725766,0.939298173,-0.037865294,0.001908055,2.978698317,-0.046004061,-0.201241833,1.903226697,3.247475635,1.839857803,1.203578915,2.15219401,0.104952831,-0.114692537,-0.03083126,0.81356682,-0.402400556,-0.221105061,-0.526256147,1.866963748,-0.066407832,2.03986306,2.824795117,-0.004195674,2.469320137,2.006912594,1.56106448,1.333088615,0.158971006,0.237410999,2.550355391,2.923564618,0.000702062,-0.199530902,0.085434675,2.792953833,1.047728231,1.599894318,0.982075274,2.181544045
-1,-0.403826778,0.214716268,-0.064796786,-0.122050149,-0.463539021,-0.462712998,-0.154788377,-0.086547088,-0.15902152,-0.136290968,-0.201834607,0.022003294,-0.067522168,-0.324762523,-0.30432819,-0.141064087,2.873920947,-0.764390592,1.236216058,-0.155244292,1.310367339,-0.588320927,-0.282479939,-0.424322125,-0.415330654,-0.278559152,2.447728613,2.422438772,-0.069304652,1.256279585,2.288440059,-0.099809982,-0.177445561,-0.155711923,1.954471682,-0.411130453,2.72928873,1.152336287,2.902256798,1.593532344,-0.554176157,2.904416582,1.660045208,-0.109706372,-0.109060818,1.322950507,-0.09197878,0.026289379,2.201056059,1.993852084,1.707870921,-0.06212413,-0.094325065,-0.027522959,2.786664645,2.49648767,0.680330594,2.041165838,0.567956867,-0.592270291,1.535852048,1.049059388,2.437366572,2.170390411,2.754561806,1.955544958,2.116757185,-0.487316164,3.743947376,2.881356885,0.631545272,0.902389722,-0.272281077,-0.106540414,0.832306729,3.210118461,1.915427695,1.855235222,2.233630136,2.536829105,2.48361161
-1,0.346863693,-0.02981864,1.081882048,-0.082912482,-0.437260073,-0.958807913,-0.136235798,-0.046598057,2.422162024,-0.098227807,-0.174490459,0.046761627,-0.026919395,-0.303629136,0.451097279,-0.10520908,0.03296834,-0.126661374,0.419913222,-0.119460233,-0.386656903,1.424030465,-0.263319938,-0.402171925,-0.3930159,-0.259392586,-0.013275639,-0.575925308,-0.029075957,0.048664071,1.541269082,0.279469866,-0.141875441,-0.112642681,-0.127248161,-0.391594971,3.053461008,-0.508804284,1.987205015,0.733896308,-0.525421492,2.545433717,0.163507417,-0.084429395,-0.070016894,-0.217554662,-0.075802771,-0.777333394,1.801233713,-0.038591447,0.887623784,-0.024966745,-0.054304781,0.019088082,-0.175431541,-0.103471977,-0.291636145,1.115639729,0.606509088,-0.569043496,0.381714289,1.088365483,1.206980972,1.694180933,-0.063711094,2.014816726,-0.065978688,-0.4667051,0.748085272,2.398339905,1.306551638,-0.199619176,-0.236977005,-0.068807607,-0.266510194,0.020386341,-0.313704913,0.968775694,1.831862664,2.163885818,2.044871837
-1,-0.397733238,-0.953642408,-0.056129773,-0.112518599,1.091615515,-0.455364874,-0.1502701,-0.076817939,-0.150005323,-0.127021102,-0.195175239,-0.507902239,-0.057633807,-0.319615718,-0.298424598,-0.132331993,0.002540433,-0.760227508,1.094813215,2.445514143,0.651421589,-0.585813377,-0.277813731,-0.418927686,-0.40989614,-0.273891345,2.462612542,-0.597045794,-0.059507394,0.018436426,0.780516206,-0.691886039,-0.168782848,1.199448083,-0.155044461,-0.4063728,-0.151637936,1.43020927,-0.050796012,0.585022877,-0.547173273,-0.006639011,-0.570683837,-0.103550441,-0.099552098,2.660615714,-0.08803929,-0.79172098,2.211533297,-0.063614347,1.356705098,-0.053074856,-0.084578564,-0.016171351,-0.200373357,2.769617041,1.744603391,0.657792999,-0.29512166,0.033519025,1.062843588,2.56761281,0.55937375,0.814251344,0.920526723,2.158496111,-0.087976691,1.40815647,1.882593202,0.062943837,0.135108387,1.673719283,2.699057965,-0.097351002,-0.294014518,-0.006325055,1.932440553,-0.246487531,1.572745287,0.892055488,0.995079493
