"","ENSG00000005381","ENSG00000049768","ENSG00000073712","ENSG00000075131","ENSG00000094963","ENSG00000096696","ENSG00000100448","ENSG00000100985","ENSG00000103037","ENSG00000115423","ENSG00000117519","ENSG00000117643","ENSG00000124107","ENSG00000128596","ENSG00000133063","ENSG00000134121","ENSG00000137103","ENSG00000152583","ENSG00000155275","ENSG00000156042","ENSG00000159899","ENSG00000165138","ENSG00000172232","ENSG00000175445","ENSG00000178038","ENSG00000179593","ENSG00000184206","ENSG00000196081","ENSG00000196533","ENSG00000196634","ENSG00000197457","ENSG00000198178","ENSG00000198610","ENSG00000211786","ENSG00000211793","ENSG00000213160","ENSG00000228486","ENSG00000229391","ENSG00000229807","ENSG00000230063","ENSG00000232021","ENSG00000237702","ENSG00000239219","ENSG00000239961","ENSG00000254977","ENSG00000256862","ENSG00000266088","ENSG00000268632","ENSG00000269161","cancer_type"
"VU280-GBM",-0.691081358348065,-0.529342063953509,-0.47236337924547,-0.738771951873257,-0.579430752499331,-0.596959903186248,-0.51162765461702,-0.570489540858474,-0.595769061471026,0.623394701438104,-0.483311317036824,-0.722168735003853,-0.671434744649375,-0.506346723873738,-0.590954406138717,-0.516764184155323,-0.707965702907145,-0.58817120240313,-0.642061739399954,-0.664630681978704,-0.547515257511867,-0.564332642884108,-0.441525339668502,0.460961539423583,-0.51752198332889,0.578660860824548,-0.502638299904119,-0.548556085593899,-0.578643719324066,-0.61772311936562,2.94252098245695,-0.703338651442061,-0.577648291623026,-0.68841344574413,-0.750779758654558,-0.516715999757671,-0.422428667431347,1.17013648221621,-0.584556153473236,-0.428257320896396,-0.685638029591284,-0.723847603278459,-0.600834069729627,-0.745231177233897,-0.47460166670371,0.126984449132384,-0.537701549184896,-0.647153749660693,-0.564654348529137,"GBM"
"VU284-GBM-vIII",-0.800153364869418,-0.701133736745983,1.57651787952312,-0.834681833099977,2.28135977484383,-0.691570024747682,0.0504133527439319,-0.0266605135261025,-0.715753532932914,-0.69575116697875,-0.585771099555346,-0.808287355560619,-0.771592451812405,-0.660818693407929,-0.69020290498898,-0.700355234816967,-0.790669624290863,1.46352145940177,-0.757574246873645,-0.762400816967014,-0.652065584663236,-0.688944584475752,-0.547992653259876,2.34549491287981,-0.6130885534244,0.769226197279941,-0.676998764796058,-0.702305161880681,0.711295932176969,-0.712481914841658,-0.755992316439382,-0.793123127513291,-0.653991137737669,-0.767316466142205,-0.844523703123291,-0.671814153824806,-0.559616824277548,-0.815976067173029,-0.675789025076482,-0.655336460341977,-0.770373969960924,-0.796792414354825,0.767557549789591,-0.813530316898117,-0.68201800362091,-0.148700534885306,-0.615112295380832,-0.744198638126164,-0.706852535547949,"GBM"
"VU306-GBM-vIII",1.12319537992807,-0.711318487013786,1.86670534446321,-0.853208767313012,-0.694213051041821,-0.707072218242341,-0.618061728073094,-0.675992350613235,-0.728063900482204,-0.708501515794811,-0.598159972903965,-0.824409026656052,1.88329447495465,-0.673660307172782,-0.704316598283583,-0.710038114592039,-0.806029156875901,-0.706625085839583,-0.770786980828208,-0.777916814960599,-0.66762893925815,-0.701539832208029,-0.560101345008823,-0.686199267512871,-0.62724914081777,-0.448828102877487,-0.689564594095113,-0.71331173494128,2.95838029902303,3.0057377090134,-0.769987693620337,-0.810125046791747,3.03379816703896,-0.779817921138229,-0.862290240219458,-0.684828526393078,-0.571643185374199,-0.838876619629018,-0.694001160265087,-0.668573267520561,-0.785239371605908,-0.809981447129556,-0.751584641574118,-0.825719555428885,-0.69245698945081,-0.842800748669522,-0.628370918587647,-0.759775521654166,-0.720036399291022,"GBM"
"VU360-GBM-WT",-0.304227518893693,0.0810374066275183,-0.0250195742734419,-0.358080643238551,0.0761697227611809,-0.00837531701802822,-0.0182904931670849,-0.0828791754147364,0.0977594844947822,0.1578111874654,-0.117679533938206,-0.224900120779855,1.44265103768176,0.0955515709108122,0.0947305747064153,0.178750491257705,-0.151953001136488,-0.0334275236554515,-0.0138855389271765,0.00476378609469679,0.0973293084186198,0.155078462588787,-0.00650509774913348,0.0497053911453812,-0.15196199994931,-0.0211894645104989,0.0641872276291569,0.0924045802028439,0.0683193647566101,0.161815406507598,0.017459538804639,-0.189229441680051,-0.203081372175798,-0.0176032358854199,-0.270880671767319,0.0367815806895074,-0.0337915077555625,-0.40740950752334,-0.233740823823283,0.206183308630379,-0.0877098071180983,-0.128419219293983,0.0493634198440475,-0.154258989932268,0.129200622378987,-0.208726948352716,-0.163809297655945,-0.0565803613698682,0.0349667790493274,"GBM"
"VU372-GBM-vIII",1.38225580388244,-0.593208951331291,-0.51917107476659,-0.763474408626439,-0.607737223469486,-0.625717905417863,-0.540493412471777,1.79870935462055,-0.652996006502897,-0.604475806456694,-0.521569097709988,-0.744745102589783,0.763687492277701,-0.569326185763709,-0.619757863783084,-0.589539170184791,-0.729744562375221,2.42539663478618,-0.701280965050618,-0.694819567881399,-0.575705476489098,-0.619526616268347,-0.487043562572154,-0.601129384301223,-0.555772251258279,-0.335839564257926,-0.561947932476411,-0.615622827889586,-0.607515598163739,-0.644607394077943,-0.693372881352412,-0.726714791919416,1.08201716184899,-0.715234228643751,-0.775181234673132,-0.574631066266462,-0.463093609330856,-0.732450120267881,-0.6076072159868,-0.494641840997146,-0.71125576016728,-0.743362379612048,1.70736889270691,-0.763645733875317,-0.537780352511382,-0.768373119809997,-0.563284958237038,-0.681717137182566,-0.627395539657244,"GBM"
"VU378-GBM",2.74891560270133,-0.741887565564905,1.39524858928827,0.380943870861639,0.714831861595789,-0.75583739391022,2.41558870805717,0.112666453395674,-0.765616895766231,-0.747594667432661,-0.636901930083752,-0.874808242931155,1.20865957114533,-0.713294590159209,1.03015821854007,-0.739002671969356,-0.8537510684654,-0.762326604370935,-0.811193098997578,-0.826167216286067,-0.716795326499518,-0.740154958946726,1.58974693563094,-0.733794402303218,-0.672222464205461,-0.484144816641271,-0.728131395234547,-0.0821027388326115,-0.0749479956229469,1.24162731735684,-0.813051575591227,-0.863709763606674,-0.339355097711626,-0.817826961742659,-0.918351896465888,-0.724992905742854,-0.609169518397732,-0.916522074257668,-0.753936285365841,-0.705415609219979,-0.831306293254439,-0.850200788514161,3.76492175279715,-0.318883303335873,-0.723891223929502,-0.888706930675696,-0.670139156984592,-0.808468382950994,-0.76058633342607,"GBM"
"VU383Platelet-hiseq",1.21763187024403,-0.732858449051509,-0.618206790401227,-0.894406076004944,-0.726693827896138,-0.741061411433853,2.26827561203462,-0.706119087886661,-0.754427327599281,-0.735914329835703,-0.62519896908773,-0.85958558155128,2.87767457436549,-0.701409673027047,-0.734952833362995,-0.730463098375467,-0.839386732089238,-0.745295279634166,-0.799136577325704,-0.811638757594865,-0.701864487242125,-0.728617949516741,-0.586621568738738,-0.719386228225935,-0.658519566161066,-0.473386863606671,-0.716601568942676,-0.736717140712295,-0.729316671148266,4.14265169150774,-0.800159166586005,-0.847453249597835,-0.700716387113579,-0.806521472534304,-0.901331017738018,-0.71294918348975,-0.597848313880984,-0.891968900089878,-0.735305325001386,-0.694418419225691,-0.817460542912571,-0.838217903439711,-0.77192235299325,-0.851642616128221,-0.714590415488236,-0.874944513609585,-0.657469860446869,-0.793763807908999,-0.748449344201864,"GBM"
"VU393-GBM-vIII",-0.500500775019633,-0.1992284141149,7.04534507759679,-0.564554487058753,2.81561610790926,-0.297779050046245,-0.24481440348942,-0.30677353271268,-0.220685608290491,-0.159050724313559,-0.285565409395477,-0.473356913773685,-0.501274919681048,-0.180819977808979,-0.220113015534871,-0.140606565685017,-0.418788725150692,-0.311733074662668,-0.302323022299221,-0.315125583317605,-0.205308198412576,-0.175251035116358,-0.206251830752839,-0.255342355344996,-0.31981490737906,-0.151980928804596,-0.196080080412256,-0.20190310169236,-0.24461083466928,-0.202289279304228,-0.291374624670846,-0.451587667653866,-0.375757266383325,-0.326136724221296,-0.52176600704691,-0.217365980196339,-0.212240682043565,-0.563362149747607,-0.398824337607341,-0.085130590864622,-0.373227258442066,-0.405354018829486,2.0684389219988,-0.439706324931007,-0.148045176787255,-0.477021179569984,-0.335488103701367,-0.327751892123341,-0.240359170716474,"GBM"
"VU394Platelet-hiseq",-0.846388235518498,-0.722031724498042,-0.603629258046925,-0.873334679708588,3.38543735407633,-0.723764341984852,-0.634219682655038,-0.690830429846577,-0.741119219153059,-0.722057990493407,-0.611459844999669,-0.841712846870344,-0.813623970705357,-0.687358669393825,-0.719416063528201,-0.720206003850005,-0.822465896822703,2.22452268590803,-0.784816337255682,-0.794529523179024,-0.684422852751023,-0.714931041346051,-0.573130215737852,-0.70250456536153,-0.642565256738366,-0.460862303024399,-0.702931447769797,-0.724930772175196,-0.712195782229385,-0.737700861718875,-0.7848938916381,-0.828446821202591,-0.684315099309861,-0.7930534368799,-0.881446004842095,-0.698710394945806,-0.584540750377111,-0.503715579924255,-0.714033746419729,-0.681360563511899,-0.801127492339575,-0.823965383990563,-0.76171932387158,-0.838587626102827,-0.703455845339612,-0.858671100558626,-0.642655138670809,-0.776495549726525,-0.734075390837253,"GBM"
"VU398-GBM",1.50167323590732,0.315215828628365,0.962895307728908,-0.185559717204173,0.337005940224928,0.233438363088166,0.170983431581325,0.104197604579484,1.62934920148194,0.422567775678759,0.0225988963272913,-0.0172999947118081,-0.180475000536619,0.326476101749774,0.357800737684125,0.445591918626839,0.071003792587333,2.20811897744324,0.227120783295908,0.272049991545599,0.350200577559722,0.431088003488259,0.160394935264974,0.304590555946436,-0.0117111163915849,0.0880944240437253,0.281655727120455,0.338315795299934,0.329790778230596,0.466046084870964,0.275508475599955,0.0299861415642653,-0.05880060216969,0.240194469312901,-0.0612513571284464,0.249136674885307,0.115313174119035,-0.272450574958512,-0.0958039300061813,0.449593044109181,0.150856658202716,0.102975940417455,0.298818438297306,0.0842488891137147,0.360855640401279,0.0154485131144105,-0.0203616529013712,0.169999251496195,0.265017651043812,"GBM"
"VU402-2-GBM",1.62238993395999,-0.715936090901929,0.804436182506397,-0.861799631590366,-0.70105647342023,-0.714216929151763,-0.62496273916509,1.14694820771432,-0.733677422049214,-0.714326124529334,-0.603857724436827,-0.831822460276044,0.7898082747794,-0.679540114588508,1.55619229003929,-0.714422874310469,-0.813077485562582,1.17864172785256,-0.776817103660963,-0.785039626029735,-0.674812670818923,-0.707293485861079,-0.0111720388580945,-0.693180001096789,-0.633795760419996,-0.453979587598945,-0.695306870039939,-0.718314492621286,-0.702737865392876,2.59758170240693,-0.776388846257156,-0.817965183147926,1.97597961386904,-0.785511754429164,-0.870485853312151,-0.690787178878375,-0.577170340616637,-0.849688542677427,0.183818366901368,-0.674068818194765,-0.792055039250984,-0.815994595130073,2.05404681219859,-0.831259977532317,-0.697195399243294,-0.849613661658297,-0.634483758745425,-0.766938855942135,-0.726065520490324,"GBM"
"VU406-2-GBM",1.21273423738235,-0.727939458095283,-0.611534525844034,-0.884736418903433,-0.719148454198494,-0.733147502507862,0.286332607474544,0.482179463174874,-0.748366419340888,-0.72959901001678,-0.618918256645285,-0.851415486100113,0.160211089497382,-0.694999279951267,2.03158250925847,-0.725805240852761,-0.831659078231893,-0.736229882225211,-0.792612228083992,-0.803824283424261,-0.693879511927198,-0.722379924265769,-0.580450080266905,-0.711664319447577,-0.651208943781956,-0.467647521043988,-0.710370127664649,-0.731356553305383,-0.721485701982341,-0.744901398416513,-0.793197899827721,0.409170772179289,0.73814276098041,-0.800390701613504,-0.892228138863319,-0.70645314770421,-0.591767012027561,-0.879212378404691,-0.725504488163567,-0.68846860116437,-0.81000433083446,-0.831727074230043,0.503065524456284,-0.845704776685893,-0.709529148769938,-0.867520723214663,-0.650689788667157,-0.785870392819505,-0.741894951675803,"GBM"
"VU408-GBM",0.0820557499782119,0.259323656972395,0.0849185921277602,0.760167123596172,-0.661393390498074,-0.672920513150789,0.520120896730046,-0.645393673973977,-0.700708627464656,-0.677894394264862,-0.570818634691628,0.313634593090967,-0.284003208763637,-0.645220057469047,-0.673111570940673,-0.687349823392864,-0.0235975354390642,0.604639954836657,-0.741446394938319,-0.743625502964428,-0.633385385906383,-0.673104013202477,-0.533414156177824,-0.65280197907491,-0.596126023289033,-0.397611686858196,-0.661690513789821,-0.688788117146919,-0.661773673552385,1.04430795178179,-0.73896434115917,-0.772682192709407,0.898828322434704,0.146044359869645,-0.162402013769292,-0.656004292164392,-0.54487218085927,-0.789339454443951,-0.654330949671435,-0.632227867821527,0.571794065878575,0.525796469470538,0.226936916288968,-0.798560306278425,-0.668722089336002,1.01313685028133,0.658528070741798,-0.725397261453462,-0.690808573291525,"GBM"
"VU417-GBM-vIII",-0.803956572498692,-0.702929667944849,-0.578824590670769,-0.837908271211211,-0.681938963293479,-0.694278628550428,-0.605759000870055,-0.664566463049097,-0.717917287859433,-0.697989993161908,-0.587938340586604,-0.811107847555578,-0.775059535248465,-0.663070651578833,-0.692675087673281,-0.702063828877462,-0.793359858400648,-0.69224113924534,-0.759895518360271,-0.765117830705555,-0.654782548588438,-0.691156195652847,-0.55010894381216,-0.673693715741862,-0.615558592456324,-0.431164168466206,-0.679204779391086,-0.704243273362187,-0.682970355354445,1.37461995678688,-0.758448102866319,-0.796092966509811,5.39888284044749,-0.769515297906597,-0.847626541094009,-0.67409647229034,-0.561721442446808,-0.0250929885754803,-0.678945492671396,-0.658618324879337,-0.772978894504529,-0.799110867732759,2.24916654293275,-0.815676681018336,-0.683857550937173,-0.830526781049678,-0.617428527690926,-0.746923670623828,-0.70916610845998,"GBM"
"VU418-GBM",-0.730048583342263,-0.620302942630524,-0.531606398542628,-0.773766793695978,-0.619770339386205,-0.637945967741662,-0.551184437691427,-0.615442576692535,-0.663888483116132,-0.635107632549676,-0.53779904125733,-0.754074802466113,-0.707377692562486,-0.596043708137741,-0.631443200542165,-0.620412208142924,-0.738725686677438,-0.630963968213977,-0.712190799296386,-0.707632296097535,-0.5877069975616,-0.630525351134531,-0.504684521140731,-0.613248508657329,-0.566178844347861,-0.34848349917018,-0.587108618002964,-0.644074280697617,-0.619796677338936,-0.655992322953377,-0.705253331767413,-0.736407462981257,-0.605661741968465,-0.724117121525726,-0.785299230674028,-0.599200140672729,-0.480344733148609,-0.74413677723202,-0.617297917056019,-0.522803877442941,-0.719984302229391,-0.751347502512947,-0.697728768545252,1.10297408248407,-0.564582390842177,-0.777199512409536,-0.570853930831155,-0.691849127673935,-0.654011981389736,"GBM"
"VU419-GBM",1.83604318738612,-0.550542412720948,0.992760145731132,-0.747037533546797,-0.588816087905878,-0.606493865472979,2.04678879878429,1.96972264909561,-0.619857432334245,-0.55623802649031,-0.496010828890928,-0.729751217501422,2.62112832445036,-0.527252495425666,2.38005901365224,-0.540921539378281,-0.715287386150024,2.32326491003327,-0.663880223112634,-0.67464782325169,-0.556855392779527,-0.589319994324143,1.97259908031093,-0.582082085538673,-0.530219001358812,-0.315928399041901,-0.522325886812232,-0.570818612949482,-0.58821371028165,-0.626653249154037,-0.674634755883183,-0.711177503116889,3.72204464573066,-0.697332845993231,-0.758962529966721,0.39061584091055,-0.435927226485545,0.443258481357441,-0.592237326493589,-0.450293387419726,-0.695294325073651,-0.730431802628148,-0.623417420269807,-0.751455502394106,-0.495573569810049,-0.754130322293351,-0.550687972411595,-0.662557892321752,-0.585481027088441,"GBM"
"VU421-GBM",-0.716619391703566,-0.588818131061254,-0.515953066394381,0.173652783971924,2.69874279532623,-0.623737589027747,-0.538762683374281,-0.606078298112219,-0.651228632049481,-0.599511648853162,-0.518938892203447,-0.743218913398765,-0.695010878379138,-0.564996375603594,-0.617864306630258,-0.58453592207092,-0.728274310447334,2.43047760593927,-0.69945047813544,-0.692743247872872,-0.573762664268554,-0.61774300068999,-0.483914204872291,1.64486828891701,-0.553142562249549,-0.333790503080756,-0.557870421459353,-0.611012019008672,-0.605526948295616,-0.642761065685692,-0.691446061363682,1.38194048620211,0.308164493916986,-0.713395239392442,-0.773528030098053,-0.570649431049709,-0.460297912554274,-0.730554864590888,-0.60603143287685,-0.490077934590505,-0.709826450170068,-0.742051681697057,-0.664190049717523,-0.762412122843946,-0.533436845795004,-0.766926618049497,-0.562048065093272,0.237488458016851,-0.623082110506649,"GBM"
"VU422-GBM",-0.794531270291751,-0.698453192766906,0.428440337854623,-0.829897246398229,1.41651899552557,-0.687546665003571,-0.599312586939287,-0.0145023506781614,-0.712529485238122,-0.692417037455678,0.262064132076866,-0.804094900585259,-0.318034996018669,-0.657467257566747,-0.686525948004298,-0.69780412976236,-0.786668428143214,1.48432560871699,-0.754116336162507,-0.758360318119694,-0.648031630092948,-0.685650971615239,-0.544848629235222,-0.667110613118142,-0.609422671959023,-0.420405364175184,-0.673713813806768,-0.699414560040806,-0.676291524178185,-0.709274822139884,-0.752336357167674,-0.109390094032487,0.543844781830584,-0.764038973404206,-0.839915720000907,-0.668417477126744,-0.556488037947098,-0.810149305349062,-0.671119661304629,-0.650493385988584,-0.766498711092822,-0.79333763458613,-0.739363910980298,-0.0704781382282069,-0.679273322200151,-0.82402987155268,-0.611671978928283,-0.740148238047316,-0.703408149467014,"GBM"
"VU425-GBM",-0.820390711936435,-0.71053017654764,-0.00756543451095721,0.616222708864807,-0.693051019849136,-0.70585986679285,0.00776263567203732,-0.674911554548939,-0.72710759621937,0.794302659681545,0.44300049614917,-0.823150037672483,0.257627671790491,-0.672660155360517,-0.703215947137181,-0.70928922243911,-0.136029586289927,1.02626996854795,-0.769760031243983,0.0492634285976394,-0.666410643600612,-0.70056029719819,-0.559154686292129,0.10508387105312,-0.626139581593787,1.18332091604315,-0.688587128478484,-0.712458460508747,-0.694454937479928,1.29225175197252,-0.768898427701646,0.242063768928993,0.869661339062128,0.0134988557737267,0.12088865953029,-0.683814948972624,1.07950749631403,-0.462093089841957,0.210914780245266,-0.667637469891468,-0.784080620847979,-0.808957004656794,-0.75083739658499,-0.824774588963644,-0.691648401880093,-0.841641738031571,-0.627333815364778,-0.758559019604246,-0.719010386086201,"GBM"
"VU429-1-GBM-vIII",1.43323519394087,-0.498634921991077,-0.449858281372141,-0.726691382753368,-0.565860408328684,-0.58317651424974,1.10689261569253,1.70203188825211,-0.560878832453815,-0.497552644502774,-0.464917010526302,-0.711037029401189,-0.659168270840348,-0.476066255287016,2.20296390861009,-0.481774036379649,-0.695603305094176,-0.573819518061852,-0.610459274548082,-0.65013302588922,-0.528614261323339,-0.5281403067885,-0.41964021906895,-0.558988347371081,-0.499131288938816,-0.29170476484202,-0.474122281950017,-0.516310456267222,-0.56481138017634,2.00232475690063,-0.621300543407976,-0.691852623774687,0.664146473924662,-0.655741433282143,-0.738789248742155,-0.488870487911607,-0.402876999969973,-0.691585411915487,-0.0210989844847805,-0.396339703386947,-0.671650827063867,-0.701202014202853,-0.568123751676229,0.256540120824278,-0.444225411436673,-0.736256084410168,-0.518891672706855,-0.617443017652892,-0.534488440310263,"GBM"
"VU430-GBM",-0.520734287504402,-0.752331580905537,1.20621945134577,-0.93442607186467,-0.757365888341629,-0.773353832307757,-0.203438327703853,0.280307935509155,-0.778666825031999,-0.761252111636791,-0.650736272341963,-0.892802598265857,0.307144505665707,-0.727240064171261,0.899313120918702,-0.7488636814819,-0.870671322914664,-0.229835684777976,-0.825273630838751,-0.843283778659714,-0.734532644923938,-0.753644100828754,-0.611784261100376,0.247268101019869,-0.68856428837949,0.421103452068708,-0.741620970070545,-0.758032356826876,-0.761225808978998,1.75643157250667,-0.828156187402635,-0.883010223848918,0.190562000094447,-0.830990692411509,-0.938577907560179,-0.739125084441761,-0.208703685598899,-0.947030870719826,-0.42452676482728,-0.718262125785603,-0.311895638320802,-0.864176205911482,0.926383972647566,-0.875259647262054,-0.734666710483837,-0.42946872264949,-0.685179245832577,-0.825843935498329,-0.774802704571906,"GBM"
"VU431-1-GBM-vIII",-0.306080191831756,-0.705278972676183,-0.581815943217527,0.368120221686497,1.0671758478852,1.36683308554458,0.425685362039228,1.68244886489571,0.1724611001981,-0.700924765419979,-0.590784448412447,0.954487041957946,-0.069770653894969,-0.66602449133051,1.66313483298073,-0.704298138152309,-0.796890654212386,0.0425988966424285,-0.762937550540473,-0.768684190277309,-0.658354187233877,0.837776916479658,0.0344296793772178,-0.677173430823013,0.744023464455779,-0.436926252750146,0.128833410460867,-0.706780327344168,-0.686500528843217,-0.717453622135459,-0.761668332816069,0.584659312127152,-0.196720168521464,0.0457746538716695,1.17923576990084,-0.677090090592623,0.38352925793306,-0.825146835385281,-0.683109336326584,-0.661421426199146,-0.77639693916415,0.401548972936183,0.727792007060387,-0.108009156853211,-0.686264694264682,0.270809249151324,0.561007754756581,-0.750502238567531,-0.712199738956068,"GBM"
"VU436-1-GBM-vIII",0.831580684064471,0.0107269045417825,-0.0765497600815921,-0.409878895298378,1.23842825502541,-0.0809782541895905,0.825094049489655,1.44037271151215,0.0178709190565884,0.0783197958643644,-0.159797192685299,-0.287230667600485,0.962953210898377,0.0262180278436545,2.70477311903281,0.0986331406696823,-0.218894284522919,2.22977438720891,1.06001308242644,-0.0754871061321465,0.0214064042310618,0.0722084473445152,1.90616891357899,-0.0268221717199182,-0.194071387981977,-0.0540012197887071,-0.00110623218844586,0.0185713856059267,-0.0101856751413714,0.0704721838364186,-0.0600179254029743,-0.255047451688105,-0.246400706612198,-0.0950052694894171,-0.333820468859688,0.983013367435697,0.630603147228964,1.1838254111391,-0.275155451941282,0.133101166527607,-0.159337789808421,-0.197894065526652,1.1609085359042,-0.225869382486128,0.0596477554296663,-0.276034128563352,-0.206878491817965,0.953034372547641,2.13378290593013,"GBM"
"GBM-438",0.734879837942507,-0.336992921120203,1.95097537618915,-0.661325852309888,-0.389447256562572,-0.440035292710834,-0.356162104567654,-0.416828678476484,-0.377217115056488,-0.31480401934382,-0.368089617321572,-0.595485711028536,0.349164208651401,-0.316670257585568,-0.37487420574521,-0.297586347921186,-0.549951675641205,-0.448534012178985,-0.444104305487234,-0.472367023449632,-0.354069495168183,-0.337624314455633,-0.304437225337462,-0.405288404053337,-0.40232290988972,-0.216271399726979,-0.324014329715076,-0.346569877672258,1.8451028753308,0.993553164879817,-0.443181884524695,-0.580549706493729,-0.460636005339743,-0.477796187378906,-0.645088552900333,-0.342292071216975,-0.299957273585717,-0.621928991756818,-0.479971046224612,-0.228325774784694,-0.513573201514484,-0.541481164228655,-0.395937057592541,-0.580017802363074,-0.284325193880494,-0.608901058458193,-0.41987672453089,0.543719038524063,1.41869904500949,"GBM"
"VU439-1-GBM-vIII",-0.25117258627774,-0.691218034737323,-0.564144795883695,0.0236175376198858,-0.665130742874073,-0.676800551789414,0.797408944665603,1.345379291777,-0.703859795971049,-0.682945328585756,-0.573933902330134,-0.792879944880971,-0.752888758600512,-0.648478687002344,-0.67667734720008,-0.690912896119996,-0.775951499246531,-0.672732486606962,-0.744822649175577,-0.747541407920906,2.83056114411133,-0.676804495325669,0.982681435782838,0.214176751502202,1.11496949967926,-0.403585172505134,-0.664892473897357,-0.691625186683094,1.45941188430749,-0.700649001025166,-0.742524089739867,-0.776934036783683,-0.640154572227791,-0.755218558902354,0.238606384786929,-0.659307194435143,-0.548072844917958,-0.794805042589661,-0.658757084225635,-0.63773446123616,-0.756113682759517,-0.784046016225259,-0.732467390158888,-0.801702454114238,-0.671870776451793,-0.0988910935488621,-0.602484025810556,-0.729314465008464,-0.694162903843081,"GBM"
"GBM-440",4.45182170794107,1.42259139079009,-0.556555283521056,-0.278361267247335,-0.656416545656135,-0.667757080009499,2.02191451375215,1.02745939486398,0.931456483494673,-0.671228083070616,0.327489726447283,1.72222393874117,1.67506153010916,-0.639729187526802,0.296129087088815,0.406765045234034,-0.00608498294818066,-0.662700359106476,0.162204884216788,-0.738406523788899,-0.626990436272813,0.369468701544002,1.72225064949396,2.15819079186625,1.52861575574332,3.43356598792323,-0.657415622425429,0.289937065001494,-0.656646294477421,0.39474977763894,-0.734213312547161,-0.767024549958369,-0.12547343199972,1.81550212443715,0.825415004892154,-0.651597853979869,-0.536633239203453,-0.782124590476225,1.59673664386945,-0.614693482766195,0.0774519595096618,0.945450124224904,-0.726568527378614,-0.794356259718138,-0.652034472967613,0.407006144051262,0.485497062900595,0.613215572185671,0.211405073025229,"GBM"
"VU443-1-GBM-WT",0.423513485899983,-0.378224847254397,-0.361610390370181,-0.678242454206469,-0.435372835698757,-0.482611563022971,1.79366827592779,0.372684861686884,0.781452379729243,-0.3614198603572,-0.392788519233668,1.15572513471135,0.310758937802631,-0.357329269277486,-0.421193116921277,-0.344569267734295,2.1541080975918,1.7142036467631,-0.486538423843963,-0.51942825558913,-0.398592681384924,-0.386221469161283,0.898603276617046,2.42124812103317,-0.427016961637525,-0.235513075292239,-0.362304130418863,-0.389867603268927,-0.444468917151443,-0.434830799626105,-0.488616705589969,-0.61914711721401,-0.486039601455253,-0.523186773955941,-0.681998103929422,-0.379681551781801,-0.326210218570101,0.129319085265214,-0.504257672500652,-0.271183063461657,-0.555577732897689,-0.582223039810166,2.76159199084585,1.09804692258995,-0.325112822860579,-0.648371757719623,-0.44513363181599,-0.500940105531866,-0.416200673002677,"GBM"
"VU445-1-GBM-WT",-0.525252563999772,-0.234572406415667,-0.256328295254576,-0.590592660129443,0.912079382840849,-0.334275413694389,-0.273381066813416,0.527964425272573,-0.260844343586152,-0.199009806518652,-0.306737299260071,-0.504689507078804,-0.523314917275081,-0.215672868055193,2.64488948930304,-0.18088030770567,-0.452439063783297,-0.346829859657714,-0.338697533342161,-0.355466454636328,-0.243473457676201,-0.216908498708162,0.559195497002031,-0.29381156709104,-0.340982639684567,-0.168474886201078,-0.228902083848805,-0.239017896551764,-0.28407409326388,-0.248206092056918,-0.330321336999795,-0.484673354286288,-0.397533219866461,-0.365045518762793,-0.553404860957129,-0.249416229532543,-0.234744697072601,0.612038444554227,-0.419642824944509,-0.121867843354355,-0.409233527685306,-0.440277939972165,-0.2868351550034,-0.475703751887114,-0.183008317726788,-0.510855448826804,-0.357138315571661,-0.361949014233165,-0.275080201711057,"GBM"
"VU454-1-GBM-WT",0.483983822732036,-0.732791851829109,-0.618115895956744,-0.47213803409034,1.30490458676663,1.90742158919253,-0.65099149670937,1.96430828248547,-0.754345106655483,-0.735828604264172,-0.625113497478759,-0.859474400564928,-0.0152819767764031,-0.701322584734643,-0.734856381976922,-0.730400062653753,-0.25779705048407,-0.109652465971785,0.34105139755153,0.38573375167321,1.61597340084546,-0.728533274040839,-0.586537537949355,2.70118826708105,-0.245394968092411,1.91465431012031,-0.0389407510241143,-0.736644502012781,-0.0145491359579205,1.03302611350833,0.392687809478098,-0.847334751582062,-0.0360575488899519,-0.80643833711081,0.453077027247841,-0.712860931822588,-0.597765580861709,0.425098971036827,-0.73517105063091,-0.694337672985762,-0.817359192472599,-0.83812985182233,0.453123663598658,-0.851562151896083,-0.714521865098239,-0.316874233187348,-0.255349879194271,-0.793656397405883,-0.748360337250079,"GBM"
"VU456-1-GBM-WT",-0.693112486215275,-0.534056227208765,0.254328251742719,-0.740615332542963,-0.581516630507172,-0.599078721674164,-0.515437861268854,-0.574255517563867,-0.601125412635248,-0.537599134864148,-0.486135212662264,-0.723862187360451,1.52119364548549,-0.510995384193139,0.521288729358833,-0.522135874856519,-0.709601512184151,-0.590379159718872,-0.646913352707446,1.07144955004086,-0.54959050934479,-0.569888893646617,-0.444885145393611,0.455147909830437,-0.520345324421267,0.859022362119335,-0.50701608160031,-0.553506437570644,1.10213213794992,1.92705736942521,-0.660332449393312,-0.705088298281143,0.623275745922177,-0.690398093017169,-0.752606188313939,1.45571229049182,0.710369125285032,-0.706896831843235,-0.586266477612917,-0.433157316468821,-0.687785343468673,-0.725320706407832,3.75066818787996,-0.746624759961265,0.596566864739303,0.121605574425355,-0.540589243149934,0.301465001987421,-0.569285421530337,"GBM"
"VU468-1-GBM-WT",-0.0578085839839013,-0.497135010055152,-0.448759004045691,-0.726098139193352,-0.565198349810944,0.414988951029077,-0.485596411243503,-0.544760475452167,-0.559174594690044,1.41475496552912,-0.46401852769381,-0.710488896192431,-0.658567670845429,-0.474587184512069,-0.554773809969001,-0.480064918013861,0.78071406006239,2.67180898074195,1.10564718984147,1.58175392122794,-0.5269946217699,1.40318984351397,-0.418571224968272,1.99791454891251,-0.498232982542889,-0.291004801935759,-0.47272939700662,-0.514735395834469,-0.564136692055833,-0.589311811087691,-0.619647740912154,-0.691287714600135,-0.559301901644378,-0.654090239923769,-0.738199504520323,-0.487510354310404,-0.40192198502822,-0.690937090560285,-0.0200073365717691,-0.394780664921988,-0.670967663109345,-0.699719929051696,0.562577633196585,-0.735565662376384,-0.442741661894016,-0.735730953084921,-0.517972891067162,-0.615991776061668,-0.533014965317017,"GBM"
"GBM-471",0.514875156416419,-0.684621286921525,1.48335204703082,-0.805770294200507,-0.655824032425687,-0.667142609791209,-0.579883955855351,-0.640186713430017,-0.695995669171565,-0.67043885208848,-0.566175255453101,-0.0971301578753316,1.33076193837409,-0.638969526442249,2.27837885288181,-0.681161703269277,-0.766282523337881,-0.662020208220661,0.164620074529173,-0.737784851555673,0.848718705598671,-0.665495949083266,1.35659608071652,-0.647147434128722,-0.590885602934214,-0.388808072915912,-0.656905844050672,-0.684539130345693,-0.656036043232144,2.80972947464483,-0.733646871399561,-0.766351305839329,3.03418165043876,-0.747208865966338,-0.816561624033924,-0.651072632580305,-0.535362749249883,-0.781270342619356,-0.168457286305663,-0.61261943908334,0.599385540689823,-0.775615673301138,2.50815821532339,0.537549332707448,-0.650060588785096,-0.80417669245066,-0.594226946986702,-0.719558597688193,-0.685797672830669,"GBM"
"GBM-475",-0.698176875487674,-0.54582155919293,-0.484441111967059,-0.745202444407186,-0.586725136281463,-0.604369709302862,-0.521846040932778,-0.583654421204765,-0.614493479513418,-0.550900741086926,-0.493182925633387,-0.728070205119444,-0.677992851268452,-0.522597237794315,-0.599328130749215,-0.535542225250815,-0.713664795186738,2.32782241230795,-0.659021724465255,-0.672416778658261,-0.554773931718562,-0.583755858210373,-0.453270351339583,-0.57997787588124,-0.527391653421316,-0.313725321463585,-0.517941892231175,-0.565861235504334,-0.586081376213201,-0.624665138485046,-0.67255968477934,-0.70943859545284,-0.582807761284441,-0.695348019078307,-0.757147346849009,-0.53165975390021,-0.432921392910208,-0.71198195173981,-0.590529261458903,-0.445386437843975,-0.693144220595672,-0.72897470259614,1.25314477248678,-0.7500790324625,-0.490903586129375,-0.752529141904748,-0.547796180272773,-0.66043841161108,-0.580843381734961,"GBM"
"GBM-476",0.877691414071556,-0.524880873179869,-0.469093796712674,-0.737024685173593,-0.577457401682898,-0.594955436816044,-0.50802191212561,-0.566925654836269,-0.590700144019449,-0.52722569649361,-0.480638957929197,-0.720562310817908,-0.669656281904727,-0.501947521002747,-0.585942816369403,-0.511680750320406,-0.7064136424054,-0.586082842522844,0.397319441850918,-0.662523503538411,-0.545552267286524,-0.559074552891107,-0.438345828588693,0.466473064187938,0.0732519954388153,2.49846432442349,-0.498495439707188,-0.543871380510678,-0.576631901469598,2.30103445706493,-0.650221823778667,-0.701679482731289,-0.576245516354559,-0.684634556437586,-0.749047764821233,-0.512670551936876,-0.419588164769303,-0.702930722275686,1.1674151043552,-0.423620269980872,-0.68360591394061,-0.722448825635994,-0.59608185380274,-0.743907378365982,0.610622672502003,-0.745367182483516,-0.534968815298433,-0.642837319180977,-0.560271789201763,"GBM"
"GBM-480",1.11513948330673,-0.611846018129989,-0.528607926733221,-0.770566759235621,-0.616013184447859,-0.634127749207835,0.651826016037975,5.94328370789763,-0.660491109475894,-0.625546433621066,-0.532733142855295,-0.00370920564117843,3.32907691249859,-0.587704291952702,0.418612410380442,-0.610775719069379,-0.735939362580427,-0.626970195663126,-0.709042303920914,0.940366985742327,-0.583958593601248,-0.627093701287671,0.92168805735363,2.64375609247592,-0.563701870650507,6.55693254542971,0.363138311490463,-0.63519364787868,-0.615961618355101,2.12169144876121,0.33044524591116,1.90732068872638,-0.0539464922621127,-0.721760901782174,1.1796294303811,-0.591531325657369,-0.474960090846758,1.31752015682488,-0.614279359059077,1.77544261204601,-0.717276803160955,0.137307173711202,-0.688720157763315,-0.768828228450258,-0.556216594451377,0.544000100975471,-0.5685032436124,0.211054157158967,-0.645704115792593,"GBM"
"GBM-484",-0.669699888681591,-0.479848491513045,-0.436089808320641,-0.719240565869832,2.64097651608741,-0.574761021411944,-0.471624640566501,-0.53095089300416,-0.53953321642103,-0.476313150293317,-0.453663492993682,-0.704142860757407,-0.105355240912385,-0.457540860815537,-0.535354568813764,-0.460367290697898,0.247292835530471,2.39469367996603,-0.591125091327769,-0.635419293644246,0.57428122327665,-0.505998070082518,-0.406251044096251,3.32415293189522,-0.48787998127808,-0.28293771381678,-0.456676366942377,-0.496582789188795,-0.556367877882008,-0.566854194294168,1.19573942396898,-0.683817330433521,-0.548651423326747,-0.635060199611166,-0.731376259453422,0.478609477577448,-0.390915416507024,1.01194007386009,-0.564116517340597,-0.376812711812855,1.92972442984672,-0.682638864602103,-0.548111791045846,-0.725514466031679,-0.425641415294879,0.740380008454964,0.094708873383277,-0.599266184328654,0.500107646491345,"GBM"
"GBM-485",-0.691580150332597,-0.530499511487246,1.9359817381214,1.54712741390917,1.54002373347181,-0.597480062427231,-0.512563157707039,-0.571414184366501,-0.597084182545351,-0.533577996145939,-0.484004655567997,-0.722584908702343,-0.671895951848581,0.500409036262474,-0.592254653653992,-0.518083071477931,-0.708367742425979,-0.58871320109897,-0.643252934433576,-0.665177430823137,-0.548024695180399,-0.56569684441755,-0.442350257822528,2.09851863306152,-0.518215185708032,-0.306574991644176,-0.503713157169994,1.78022204222978,-0.57916579905925,-0.618210786991043,-0.656413186881487,-0.703768578772678,-0.578011822299019,-0.688900794757005,0.836010439685505,-0.51776558356625,-0.423165630490647,-0.705359448132507,-0.58497620073969,-0.429460395012306,-0.686165253828179,0.236236441481091,1.28629888581764,-0.745573840567118,-0.475746642090388,-0.747298287391296,0.419249612258276,0.305673303889385,-0.565791395282404,"GBM"
"GBM-486",3.4108969712579,-0.394696341184151,-0.373682258975283,0.379454534893999,2.05798819694043,-0.499620100914582,6.58538167962959,2.88609449073934,-0.442781195997982,-0.380042142027535,-0.402655334855925,-0.646640028226,4.25002856981902,2.15913173553201,3.49138299426661,-0.363338191504316,0.348541973220956,-0.505833835872653,-0.503490174306751,-0.538228463878919,-0.416378980989634,-0.405635253909837,7.52968951502714,2.1433487470877,0.581250976639638,4.11705339965722,-0.377600292373823,-0.407164350988558,-0.462860128276032,-0.456229584915912,-0.50676718871171,-0.634566164442464,0.117006138279252,-0.541319586108292,-0.69544329699677,-0.394618050264941,-0.336697849503006,-0.166575887690571,-0.513959790611213,-0.288303863687935,-0.572357870246798,1.06867699501211,0.729037561713534,0.395007551888571,-0.341406827195182,-0.664139669729644,0.163790518444784,2.06179716149489,1.31377232113731,"GBM"
"GBM-499",-0.641003054532795,-0.413683819904163,0.846009004392534,-0.69267004970164,-0.474868294853737,-0.519226655890897,-0.418147266485218,-0.478094299265893,-0.464355248112993,-0.401508936626862,0.217649150027229,-0.663472505540988,-0.055382573650005,-0.392295542229598,0.687276534850965,-0.384974027464343,-0.622967612611725,-0.52468851002954,-0.523031267698291,-0.559900363000918,-0.436882099085211,0.802370306821604,0.855380357050776,-0.488760537003392,-0.448253556374507,0.26770848636773,-0.395232909722097,-0.427103139215819,-0.484060556807441,-0.480896988009865,-0.527690118562622,-0.651894311626449,0.101517812455912,-0.562222145787779,-0.704836840270086,-0.411836066330116,-0.348787443198096,-0.654903572326525,-0.525143886112749,-0.308039828825776,-0.591701136995654,-0.617260574734992,-0.477630876382031,-0.658126551473293,-0.360189705171305,-0.682316095925478,-0.466854275710356,-0.535248477016148,-0.451034657741362,"GBM"
"GBM-505",-0.690079457901283,-0.527017593537157,1.80104481471117,-0.737861890247125,0.503034010665861,-0.595915410709237,-0.509748909193292,-0.568632604438076,-0.593127939569488,-0.529641422019995,-0.481918904113282,-0.721332184685468,0.838984767915293,-0.504054551795019,-0.588343154401507,-0.514115498599742,-0.707157501046715,-0.58708294170545,-0.639669494796985,-0.663532717076972,-0.546492345806745,-0.561592954030733,-0.43986867896545,-0.571603802344042,-0.516129843835781,-0.304950087308581,-0.500479693277425,-0.546115154701717,-0.577595386342643,1.43136538926479,-0.652576346504177,-0.702474566050017,0.0111707662147119,-0.686986786844014,-0.749877748020705,-0.514608149128208,-0.420948644553928,-0.703854355615134,-0.583712352696595,-0.425841219855396,-0.684579213601818,-0.723119352844652,1.29387246391192,-0.744542027558946,-0.472302243761172,-0.746102378073112,-0.536277678429936,-0.644904705523487,-0.562370848445559,"GBM"
"HD-1",0.604097876599952,1.441015687079,-0.41753898463605,2.69815868376787,-0.520371756743619,-0.56141159356617,1.80274428805937,0.293093915812663,0.659627897262295,-0.447696315967812,-0.438501171158975,1.31875766898428,2.24393866259154,-0.432580843445202,-0.506920015699459,-0.431525111661909,1.24717693332811,-0.553310486530849,-0.565075359983968,0.534397410417089,1.63846106689107,-0.476164934078316,1.127025446672,-0.533225824437755,-0.472720636893634,-0.271125509428184,2.12255464552475,-0.470002901040571,2.98925195012204,-0.533970710720794,-0.572707333101928,0.742249327028423,-0.533056499251453,-0.607195532412741,-0.721300208053993,1.60471499440675,0.31995087351001,2.08712526347531,-0.549207285942896,0.807186916191264,-0.633319590784325,-0.657627978210674,-0.521148862633322,1.80372433140782,-0.40060244151086,-0.720339171986253,-0.491879038374646,-0.574775797567433,-0.491167547216298,"HC"
"HD-2-1",-0.549663932156212,-0.269430299267956,-0.281875455952847,-0.616272720243882,-0.314193616302727,-0.370269828890052,-0.301554841887332,1.04419336284327,-0.300450760430872,-0.238419316178125,-0.327618004023153,-0.535591171240578,-0.545051790349867,2.39401721410008,-0.298976051722263,-0.220600149543843,2.59109460582893,-0.381443945140963,2.06154967249024,0.802493194872336,-0.281113815527415,-0.257993031265366,0.522313659781293,-0.331751697049922,-0.361859244069056,0.335027180968478,2.13467867935933,-0.275622237437643,-0.322994598564679,-0.293491393316372,-0.368732400293373,0.430357584030399,-0.419009680330021,-0.403419185766745,-0.584608573604729,2.78790860379687,-0.256939205773071,1.75736408443541,0.96445441744767,0.999590283768855,-0.444744588931906,-0.474721539065736,-0.323966997597677,2.22925099961146,1.95853002617475,-0.544224382433794,-0.378490763794886,0.630696625523028,0.78482982835624,"HC"
"HD-3-1",-0.631109361231561,-0.390907269710967,-0.370905269034072,-0.683416362198306,-0.44949896684945,-0.495707488858835,-0.399738196125695,-0.459898926553446,-0.438475957443918,-0.375758307389118,-0.400385591154173,-0.643281000913435,-0.615767612145333,-0.369835470449475,0.720795007996613,-0.359020623593193,0.943101348573628,-0.502071266390008,-0.499590625524293,-0.533903699335732,-0.412287454092737,-0.401169343392486,-0.342862228302505,-0.463970017450014,-0.43461254170843,-0.241431572950989,1.37155457657998,2.97566774652143,-0.458629448671203,-0.451307048608752,-0.502591885723739,2.29260607629773,-0.493853428459215,1.3361777768453,-0.69335101810834,0.593392171067101,-0.33428529461523,1.97963548078077,1.1172399750254,-0.284365427015928,-0.568497799022131,-0.594754728873532,-0.453368501137557,-0.634928911690141,1.67797209827995,-0.66051244891751,1.28244480036089,0.47567909506415,1.80322412420512,"HC"
"HD-4",-0.594414561657607,0.780453350432156,-0.328708206820963,-0.659817055460493,-0.385368895166864,2.34108446864798,-0.353202670960568,-0.413903598803965,2.68987125765612,-0.310664360138799,1.37637524552038,-0.592239734115777,-0.584899567305852,-0.31305958687025,-0.370760915008662,3.35777066280499,0.423629381254075,-0.444898074588484,-0.440335998730479,3.01178846859654,-0.350115671453924,-0.333308707261974,-0.30182762357968,-0.40130309163556,-0.400129986702992,-0.214562667724244,0.71369598475508,-0.342724879396431,-0.394343205556342,-0.376507868490303,0.72238370474707,-0.577122113574566,0.862414373605743,1.96526221162585,0.239358946895565,2.19880717472844,3.31199871068408,-0.6203598158866,0.70060671940031,1.83398742160286,-0.509843043670855,0.494486853436998,-0.392036649408754,-0.576288560557887,0.821079966696005,-0.605395914284577,0.626045531249026,-0.457503371179316,-0.372098476481143,"HC"
"HD-5",1.50873030126369,2.21050831353024,-0.362413232025339,-0.678689924929061,-0.436592974973746,2.34774888926117,-0.390373055966712,-0.450642499565591,-0.425310535203802,-0.362658338336704,-0.393444713468751,-0.633009093252438,-0.611075540603189,-0.358409487708708,-0.422423706143296,-0.345817498171348,-0.590250750351656,-0.490565326515953,-0.487665802864123,1.80121270577747,-0.39977556223635,-0.387512586186355,1.47323873761721,-0.45135847945828,-0.427673027014657,-0.236024283305627,0.670988634212496,1.56926042439762,-0.445692027745395,-0.436253929446541,-0.489823806527534,-0.620172563547371,-0.486714517829296,0.618366856385553,-0.682978707629581,-0.380674906129571,-0.326907700231997,1.20885199603807,0.997286186200489,-0.272321685164803,-0.5566936987588,1.5720310702348,-0.441025642953131,1.09602983375549,0.775586609806303,-0.649420405364047,-0.445804650997953,-0.501999999312173,-0.417276804633839,"HC"
"HD-7",-0.203038983420286,-0.676940389125307,-0.548272824469737,1.47025571174039,-0.64495318236633,-0.657882722270373,-0.57111920399601,0.827599196192344,-0.686576379801754,-0.658646181349282,-0.558722740482137,-0.0682965653040574,0.418332572003704,-0.627620452881876,-0.655865263370165,0.454118291097041,0.87968978828573,0.668664986382445,1.57002570379853,-0.728401288697317,-0.612856644113562,-0.653468183196778,0.548804079117795,-0.638082993279206,-0.582500681722587,-0.374914458683226,-0.639704670188325,-0.676227695647832,-0.645512819679735,-0.679738709129829,-0.725083857627092,1.41438733239438,-0.622488795625725,-0.73945607258334,-0.805969038499771,-0.643032087371472,0.116689677471573,1.84604543441089,-0.637354334323967,1.15250843535217,0.643394885999314,-0.767462044439832,-0.72002760103149,2.41634840887188,0.388129361048857,0.451247314919445,-0.586309961782292,0.137884012510069,-0.677727659102392,"HC"
"HD-8",0.82594912229301,0.324564411648616,-0.548141059111312,1.32228496141069,-0.644730518311309,0.729545212780754,0.87600564471712,1.68867729846712,-0.686376402237408,-0.658447654549366,-0.558596161449296,0.700570415585854,0.418842127821128,0.317331147538116,-0.65564951876917,-0.671177575901897,-0.756820768796287,-0.651619978143661,0.793843037876523,0.83408017436526,-0.612634083247864,-0.653265762603301,0.839824186750154,-0.637929154291732,-0.582358535895949,-0.374680874912103,-0.639239852245961,-0.676048565117656,-0.645285356178884,-0.67952920599563,1.62042860065796,-0.0133779677775792,0.658010715413372,-0.73932389592304,-0.805789314275829,-0.642842842183746,-0.51608789188523,1.1144070967848,-0.637178379603672,-0.581153707266349,-0.737556842749361,0.0621161963617987,-0.71992266448658,0.585293762984164,-0.620114396794016,-0.79493197058923,-0.586175611672774,-0.710028668442244,-0.677590301026679,"HC"
"HD-9",-0.824194892404468,-0.712252830128295,-0.590791613441919,0.819298074267708,-0.695592697806831,-0.708511923023995,-0.619450543469346,-0.677275291744621,-0.729198120663152,-0.709677854757354,-0.599308714968493,0.460527237157793,-0.793480244339556,-0.674847102443587,-0.705622962646376,-0.710925611932598,-0.807450995824572,-0.708249437774464,-0.772005111609697,-0.779353552553193,-0.669075958290925,-0.702701846833529,-0.561225465536602,-0.687606115551634,-0.628567262607987,-0.449876847282018,-0.690724203213903,-0.714323373467747,-0.697083878808965,-0.725851796833465,-0.77128006955625,-0.811704648949184,-0.669918492419224,0.00282646654737491,1.3584612643548,-0.686031247081463,-0.572757737398984,-0.841041645132342,-0.695711111425849,-0.669683320353543,-0.786614583394543,-0.122100924048564,-0.752470045334916,1.83989185266133,-0.693415496702526,-0.844175994164244,-0.176271630537628,-0.76121978231489,-0.72125370752988,"HC"
"HD-10",-0.699569155602162,0.504834016464964,-0.48681376506599,4.77409578686299,-0.588158965880537,-0.605826302560479,-0.523117623581587,0.197614065926049,-0.618171864316109,-0.554560838438856,5.65142807507442,-0.729223439816487,1.6621166492362,-0.525789627715648,-0.600723240894108,3.21323994824248,-0.714777988012135,-0.59741374451658,-0.662353488965311,2.36545410840939,-0.556201217750405,-0.587571520727272,-0.455577641870084,-0.581420782212229,-0.529330535815062,-0.315236104155731,-0.520948260777034,0.509986405087429,-0.587543568042568,-0.626028534400434,-0.67398271859892,-0.710631483176636,-0.583817135069241,-0.696709218229786,0.010621196777883,-0.534595432755946,6.00866229345722,1.59237630128521,-0.591700734640433,-0.448751428057331,-0.694618687777944,2.51572249122996,-0.62183716506579,1.59649521910849,-0.494106074587711,2.54149651238001,7.07068741439958,1.24551764144946,0.409104821814367,"HC"
"HD-11-1",-0.892279015537084,-0.740824983775179,-0.629194106479241,0.495757185679331,1.21262449387936,-0.754081256652858,-0.663895963883954,-0.717565729212877,-0.764295672097476,-0.746214058734067,-0.635512622338264,-0.873001138013938,-0.855086403042642,1.74339109892114,-0.746571793226809,-0.737998393662642,-0.852048220713407,-0.760295062356296,-0.80976872231893,-0.824444759682789,-0.715019274818611,-0.738791318791167,-0.596770556115524,-0.732082641137048,-0.670590073501799,-0.482863285983176,-0.726768253355137,0.408630159228079,-0.742190987045284,-0.760719832817898,-0.811526497046817,-0.861776570370562,-0.713120442482001,-0.816492932399021,-0.916327119825543,-0.723567334097485,-0.607826253039325,-0.913550571222547,-0.131687917395073,-0.704116239674613,-0.829665902483429,-0.848785899816802,-0.779404680113915,0.675376389780602,-0.72279595608002,-0.887077981874404,-0.668632622790295,-0.806722999202108,-0.759150744939479,"HC"
"HD-13-1",-0.889725068866585,0.799678151940169,0.423404475091468,1.13864184615752,-0.737521632705586,2.27725677701266,-0.662276249400076,-0.716124294797413,-0.0614927683508004,1.86720291076366,-0.634212470303973,0.796165021030813,-0.478303018666209,-0.71057031252634,-0.745109271692345,-0.737056247651144,-0.850454057779777,-0.758396276675221,-0.808434058090073,1.54487905910193,-0.713358061759297,-0.737513719962154,-0.119987484830277,-0.730481041441444,0.925655944078512,-0.481665080101513,-0.725491208417852,-0.744328924356252,-0.740567046026321,-0.759490685033413,-0.81009795038779,-0.859968253144811,0.417388134248494,2.01608476599,-0.415133122458038,0.315661948690486,-0.606569008593629,0.736277176141613,-0.749610424977518,-0.702898742126077,1.44383083917763,0.122648304197782,-0.77846977310685,1.29896141789158,-0.721768806884676,0.0152578882008583,0.174477118068956,-0.805089554539664,-0.757805992196418,"HC"
"HD-14-1",-0.900901882668718,-0.744148129010532,-0.633846159976933,1.04219006932488,-0.744315371147024,0.786015738607827,-0.669335950965214,-0.722391595398592,1.86697440127411,1.1506069597623,1.81394597853389,1.83901348926675,-0.259177889515933,-0.716294694547953,-0.751467005433299,3.11698248845037,0.937386010701963,-0.766673486039438,-0.814228327204016,1.32021361262082,1.48963153248619,0.460753173567021,-0.601062400990668,-0.737450713722531,0.693291811757883,-0.486885336461246,-0.731037025525355,0.374575104504373,1.62331398504881,-0.764825069033568,0.284357573639716,0.00230242397231725,-0.718384241625061,0.87538505542803,0.523576718077513,-0.728033128503558,-0.168607643510602,-0.223142276687932,-0.758739861396712,-0.708184574007437,0.697735140711418,0.652807180679131,-0.782519464067173,0.0603261032679928,-0.726221959899189,0.495726861518233,0.760614615938992,-0.812195089105987,-0.763646992188756,"HC"
"HD-15-1",-0.844142972591906,-0.721063258136265,-0.602344295788294,-0.87148677826235,-0.708729942961142,1.01518810559983,-0.63273749737732,-0.689477417906698,-0.739934457827485,-0.720826263401134,1.37283531292223,1.13049765591984,-0.811588764800325,-0.686112095465454,-0.718040071381513,-0.719287580028531,-0.192547579711985,-0.723795835404512,-0.783542429407986,-0.793015041592531,-0.682886147573385,-0.713714348509063,-0.57193961050868,-0.701014617757014,-0.641162035571918,-0.459760889048254,-0.701716655229814,-0.723878650023512,-0.710684582574971,-0.736523517274476,-0.7835383826342,-0.82677124799123,-0.682872203560772,-0.791853275561599,-0.879693670601003,-0.697447145399815,-0.583364010912816,-0.862037020643744,0.157423931129657,-0.680199206456212,-0.799680258520444,0.625311313537005,-0.760804731266531,-0.837422352926844,-0.702460786208192,-0.252759792004232,-0.641348950704453,-0.774969407939049,-0.732798868546273,"HC"
"HD-16-1",-0.904157380614821,2.14569986228578,-0.635589803577181,0.852581460135551,-0.746274225855607,2.6364147566407,-0.671378190988691,-0.724197145097741,-0.101347136089342,2.57726360184121,1.79041674321649,2.27473839086597,-0.865776004815887,-0.717941858202581,-0.753298010760402,0.908385242758142,1.4412019498005,-0.769068481814041,1.62540500384344,2.12101047949683,-0.722679566301418,-0.0429361227389553,-0.14684272527363,-0.739461519248778,2.05931728325625,-0.488394362296562,-0.732631483303659,1.29626038072432,1.60818867212154,-0.766357080975314,2.03624584974689,0.656362978936078,-0.720359087919304,2.33499014533044,1.68600601603097,-0.729702327557983,-0.174586302592206,1.55829483023406,1.60445819914401,0.00894300486350144,0.893132829785601,2.08095615210575,-0.783678811513424,0.844960767304803,-0.727498684601988,1.4874294940898,0.548938318287027,-0.814243785768666,-0.765326872981556,"HC"
"HD-20-1",-0.508365456842,-0.210458683329011,-0.238655478330776,0.150341996774681,-0.248508942591897,0.777457855128494,-0.25389123094421,-0.315744993810983,1.03206456544718,-0.171747401216751,-0.29229260707387,-0.483312593228294,-0.508277951606616,-0.191894203296135,-0.232728818166029,-0.153403223213191,2.54583936136017,-0.322884795744133,-0.313880730553216,-0.327943570640196,3.2938552401136,-0.188487359041845,-0.214255695014014,-0.267565637895704,5.07945059913718,-0.157221751074819,0.827801030504966,-0.213696029173521,-0.257149967609109,-0.216878977159485,0.922395717813023,-0.462100378409734,-0.382676400416868,-0.338499680668859,-0.531818998344948,2.08169595388635,-0.219391151776121,-0.568093541674621,2.90211868731794,2.92469637803141,2.17506661417771,-0.416450813812545,-0.261148376579649,-0.45114421775002,-0.159154433545239,0.518001083291935,-0.34236728434901,2.36324780101996,2.16754865494193,"HC"
"HD-22-1",-0.654601373315937,-0.445010694884594,0.3377417389834,-0.0597673048780272,-0.509761277328564,0.477620771351622,-0.44346710819816,-0.503120221161462,-0.4999496334126,-0.43692636094946,-0.43279482634543,0.170966566546283,-0.637624081679676,-0.42318713269168,-0.496218662274945,-0.420670348087618,-0.652793330725919,-0.548897261394995,-0.555271535017828,2.00142825851587,0.618630065974367,-0.464937223522821,-0.381421987013415,-0.522857426135476,-0.467015412644476,-0.266679982418259,1.27252892154487,-0.459999551386564,-0.519038511697002,-0.521595000853529,-0.562210236653565,-0.666989169735197,-0.527187344442263,-0.596708655740275,-0.717482845581681,-0.440243557637329,-0.368733703353794,-0.668418321141003,-0.54359619179863,-0.340601609229005,-0.623615016036149,-0.648215122884309,0.647051164083798,-0.690032593220787,-0.391179015485064,0.225300971116768,-0.48604377402138,0.408696862456438,-0.481809375772735,"HC"
"HD-34-1",0.479546441676654,0.475734454627437,-0.501343741702794,-0.75413685206901,1.77062320704172,-0.614752642703142,-0.530912550894141,-0.600058558840024,-0.640698058839938,-0.576975041777661,-0.506998113371859,-0.736241288384807,-0.687138624449649,-0.54533962050363,-0.609269001070171,1.43051571449838,-0.721548624393048,-0.606727038614783,0.338768158832286,0.380095071349178,-0.564950795003615,0.564156459179067,-0.469707342295949,-0.590264104128542,-0.541204128248486,-0.324488041251005,-0.539359070495773,-0.590079567553912,-0.596505092262153,-0.634374938991826,0.387473369349059,0.0972436222478397,-0.589967667536343,-0.705036934407031,-0.00948731803338148,-0.552573343309379,-0.447605825640775,-0.721946938627267,-0.5988600607921,-0.469358414053334,-0.703286637670828,-0.736043422550255,-0.64295594267667,-0.756751321149477,-0.513717910173903,-0.760303940925449,0.0248483588419075,-0.670793790354164,-0.603499722984189,"HC"
"HD-39-1",-0.870173489946994,0.896106714526054,-0.617047347458016,0.834172975303827,-0.725383814585638,-0.739686595626497,-0.649750458353894,-0.704907261938465,0.508455315514056,0.99016598193002,-0.624108515232768,1.14758961320634,-0.835146322986003,0.469603476287187,-0.73372210277099,1.77070421014647,-0.838045983783351,-0.743717648672626,2.6624389424162,0.753748411398223,-0.700476730447653,2.61002352809995,-0.585549591172208,-0.718045009315147,-0.65724817093107,-0.472388708720037,-0.715521833703472,1.72351558122566,-0.00944869224935145,-0.749879178330168,-0.798952646030036,1.09299682357321,-0.699409637332124,2.56687137881113,0.795385016213833,-0.711822948864777,-0.596792746983474,0.947562697001973,2.20419256138129,-0.693387789918457,1.77959889415826,0.519293346183515,-0.771122404760628,-0.850615339687131,-0.713715168072348,0.0761899561463838,0.766523828053005,-0.792393439207136,-0.747313393100852,"HC"
"HD-40-1",-0.830743923782467,3.1798593890136,-0.594611271840206,-0.860396437389094,-0.699941130491572,2.09576957758042,-0.623835929318249,-0.681317079315004,1.6822909151745,-0.713378598852083,-0.602929154917373,-0.830614323973296,-0.11438359171752,-0.67858302281965,-0.709737516127893,0.191899207498124,-0.811929493140017,-0.0102953169994433,-0.775836386981605,1.46423052302469,1.90234539142192,0.172017925551389,-0.564769811144353,-0.692041870151351,0.677053611633763,-0.453141159597992,-0.694372651172567,0.0984143470774289,-0.701583401692411,-0.729397388222947,1.50866793066892,1.38337819440657,-0.233353570532203,-0.784586233403287,-0.287907425308846,-0.689817262011385,2.19696472871309,1.68668349568869,1.09940569890616,-0.673174967139054,1.72818400985935,0.680333488190053,-0.755248090523841,-0.830359871734525,-0.696425872575796,-0.848504772712004,0.500211363853667,-0.765771472172814,-0.725084441557185,"HC"
"HD-45-1",0.894630091553283,2.98629478343171,-0.618790235750917,0.823115490977896,-0.727352857103592,1.83186260427149,0.884938986703307,-0.70672861438208,1.86080848084789,0.574713929061837,1.82609027410493,0.516292016853445,0.446457651217239,-0.701968529256721,-0.73557181995316,0.0573185358427559,-0.8400610789698,-0.746089535801994,-0.799704659757106,-0.812320735531444,2.64154187931261,2.5224143416989,-0.587160929095207,1.40239878575568,2.96582631008584,-0.473889279209036,-0.717144408960222,-0.737183149065133,1.28263647226843,-0.751445431773144,1.04956629870063,1.07986260563303,0.16281526654368,2.67853790909237,0.783002801361173,0.371882181168544,0.86906289356106,1.65605647557507,-0.736167732454188,-0.694936521785568,0.232446272102947,2.37257723799738,-0.772324144689042,1.55657967411596,-0.715030174337816,1.42370109981214,0.523022664740928,-0.79445318984461,-0.749020487988936,"HC"
"HD-46-1",1.16360450032618,-0.751956162484689,-0.203536730847757,0.178864273805164,-0.756761898459537,-0.772715949351303,-0.682364732343207,-0.733852177803223,1.58609040128404,2.3721901794393,0.825218166780972,-0.115964431554286,-0.881665570185772,2.22488737242676,-0.763084768275089,-0.748509534721521,0.483220858290475,0.143076860517791,0.15953181719533,-0.227564959366761,1.72883033773551,-0.753156479038648,-0.611287509131085,1.76018667948721,0.517037470584044,-0.496503829596251,-0.741133157409042,0.292683127685977,2.03742070079751,0.400823301321267,0.541009726940631,2.06433288322672,-0.730971701104605,1.55137486710634,0.44351482226675,-0.738613237249661,1.65989457920905,-0.945890433380609,-0.775797405683498,-0.0413893265201022,2.31469025505647,1.12500164739627,-0.789823061506913,2.26271898675564,-0.113758817462245,2.20388612841509,-0.093333941098136,-0.825212258652668,-0.774288291804418,"HC"
"Control-2",-0.822824646865251,-0.711633919273765,-0.0123900541177989,-0.853791703841402,-0.694678531042079,-0.707557923052859,-0.61853016482907,-0.676425234334771,-0.728446718183442,-0.708898519247726,1.84176016193825,-0.82491333083572,-0.792234604704579,-0.674060800598236,-0.704757402981996,-0.710337747026762,2.43022192696147,-0.707172953842828,-0.771198104879455,-0.778401600060515,-0.668117080656746,-0.701932001642814,-0.560480590988517,-0.686673897958033,-0.627693768700234,-0.449191498432826,-0.689955945680157,-0.713653225908287,2.98707768962416,-0.725104746743666,-0.770423835911642,2.23202460049511,-0.669019908460243,-0.780206351490439,-0.862847228154314,-0.685234394646793,-0.572019240077397,-0.839606265203485,-0.694577672057245,-0.668947909610665,-0.785703420830545,-0.810391536157901,1.12879745882857,1.47514360542934,-0.692780563606757,-0.843264842597805,-0.628786425484985,-0.760262808738227,-0.720447210742647,"HC"
"Control-3",-0.794311827275677,-0.698347941211442,-0.573036210041729,-0.829710129195507,-0.675318916404386,-0.687389157885409,-0.599161981008697,-0.658395038321209,-0.712403026679442,-0.692286304301638,-0.582423667950229,-0.80393070290619,-0.76626384205413,-0.657335900389552,-0.686381886243135,-0.697703938266381,-0.78651166415219,1.90782320286662,-0.753980724986456,-0.758202027403509,-0.647873752582485,-0.685521826851291,-0.544725534603246,-0.6669565676134,-0.609279234060066,-0.420155757596932,-0.673585016548032,-0.699301113028355,-0.676135234498373,-0.709149021368445,-0.752193035676935,-0.788539615422503,-0.650070036801841,-0.763910389759172,-0.839735348545588,-0.66828434530266,-0.556365488946448,-0.420682158461496,-0.670937325985423,-0.6503045453419,-0.766346858493674,-0.793202120147544,-0.739263708265387,-0.810203456600284,-0.679165575763641,-0.823877547311976,-0.611537301497363,-0.739989608261307,-0.703273118673256,"HC"
"Control-4",-0.784922688480778,-0.693800497169327,-0.567349233045628,-0.821678618543979,-0.668805166945158,-0.680617441749883,-0.592696350050778,-0.652316820629719,-0.706948894680112,-0.686650899775916,-0.576996202792592,-0.796866252256114,-0.757690668569184,-0.651677478332314,-0.680180038435177,-0.693373509685283,-0.779763024331305,-0.676979171515479,-0.748133281139358,-0.751388635219848,-0.641089279492645,-0.67995487300139,0.081861830665578,-0.660332788349113,-0.60311758898907,-0.409511873926944,-0.668033594368789,-0.69440334272048,-0.66941478576155,-0.703722750788032,-0.746017174933797,-0.0869452900519282,-0.643726370992683,-0.758362534656048,-0.831982116738616,-0.662549366221295,-0.551092268899349,-0.405838948046948,-0.663130356098033,-0.642237832571883,-0.759808053958757,-0.787356973942647,-0.734930942462998,1.17878254669749,-0.674512028348956,1.19991974562226,-0.605747365246745,-0.73316506150144,-0.697454269456426,"HC"
"Control-5",-0.7295918408706,-0.619229351018757,-0.531225734141422,-0.773361195659015,-0.619293319166759,-0.637461184876422,1.61849782727313,-0.6151262297004,-0.663457323593397,-0.633893855251848,-0.537155934412742,-0.753708023227523,0.734420433334544,-0.594985033998851,-0.630980162724952,-0.61918887289432,-0.738372828771266,-0.630456814835188,-0.711878965643629,-0.707124599095423,-0.587231032772063,-0.630089784885364,-0.504326395547046,-0.612767993804849,-0.565864953946762,-0.347982486886253,-0.586111633076321,-0.642946900064034,-0.619309742050995,-0.655541478259937,-0.704782893066014,-0.736026049663376,-0.605338006804687,1.37164488510722,-0.784901072540171,-0.598226598166577,-0.479661162329534,-0.743673997673882,-0.616915038914099,-0.521687964849466,-0.719641450063586,-0.751034471853701,-0.696585141335557,-0.770857284554712,-0.563520367782816,-0.776853047865016,-0.570556117512006,-0.691495217595441,-0.652957312542176,"HC"
"Control-6",0.673273536260401,-0.100341400628686,-0.632474890994658,0.112996566816869,-0.74277402045982,-0.757965895450809,-0.667731111259944,-0.720970394376138,-0.767215125520936,2.40453368087869,-0.638585248248281,-0.876997763237098,-0.860552692033439,-0.714997542661582,-0.750025581121248,-0.74021605579007,-0.855813400209959,-0.764791616683643,-0.812916395716804,-0.828253341613524,-0.718948510336812,-0.741804999365029,-0.599797639548587,-0.735868871521145,-0.674202397917375,-0.485699162095503,-0.729780962269655,-0.7479870074766,-0.746029914249653,-0.763617675571703,1.16661417093777,2.0892920529064,-0.716831885358093,-0.819440366447707,-0.920806699080867,-0.726718628275065,-0.610796781305939,-0.920143932848562,-0.756657765223007,-0.70698771184886,0.45770600099587,-0.851912324285691,-0.781604605858681,2.14891155410268,-0.725215067840371,-0.890678839997685,1.41494134915963,-0.810583029193595,-0.762323811124863,"HC"
"Control-8",-0.918324138209393,-0.750667739631694,-0.64309580301715,-0.93088927897101,-0.754692947401736,-0.770531524301417,-0.680190267160278,-0.731949088857171,-0.776579996700707,-0.759065559472318,-0.648510058123112,-0.889906974852906,-0.878501668482005,-0.725003777491568,-0.761156291216179,-0.747293935789295,1.94202993060905,-0.779405501433092,-0.823020537601035,-0.840533817602625,-0.731672017402539,-0.751484551198304,-0.609586299072307,-0.748109839280477,-0.685923663952733,-0.494899952501375,-0.739460677443297,-0.756205145178883,-0.758440073481083,-0.772910344768389,-0.214444216771169,-0.879898139988933,-0.728872739569946,-0.247930226030908,-0.157086579628223,-0.736858813166601,-0.620384909386153,-0.94200266492758,-0.772930901605743,-0.716206303652525,-0.844976675531034,-0.86194131188845,-0.788619318944462,-0.87323460967047,-0.73294881634191,1.19402189767138,-0.682754186554217,-0.823048469005281,-0.772524795828956,"HC"
"Control-9",-0.896667900844538,-0.74252445621903,-0.631568009396889,1.9117229399311,-0.741754256358665,-0.756892239563028,-0.666670364125648,-0.720029890653502,2.62232876202618,-0.74842295625529,-0.637736229498595,-0.875893431629523,-0.859038121136261,-0.714138829410395,-0.749071603370171,-0.739604527627093,-0.854773338212886,-0.763547846080291,-0.812047557342418,-0.827201274230578,-0.717862329560313,-0.740973063858887,0.905712108583336,-0.734822504537807,-0.673203487177833,-0.484914972249383,-0.728949247620583,-0.747278531566537,-0.744969000731263,-0.762817935184563,-0.813966695981413,-0.864871109812097,-0.715805596358437,0.608006001082044,-0.919568354019701,-0.725848432499733,-0.609976072326042,-0.918314196670142,-0.755283771230237,-0.706195094998721,-0.832290938871893,0.893692888445856,-0.780998066309509,-0.863343023369599,-0.724547797443697,-0.889684505778955,1.98091460125953,-0.809516474766829,-0.761447738626716,"HC"
"Control-10",-0.8541715933904,-0.725353061272497,-0.608059332185492,-0.879717023131175,-0.715212244988305,-0.729023507972714,-0.639336470735913,-0.695488539229578,-0.745189346564282,-0.726291745267737,-0.615641775803209,-0.847153200174043,-0.820674419220704,-0.691646487701346,-0.724152001723468,-0.72335458869704,-0.827622701394291,-0.731520998592888,-0.789193895624503,-0.799743060736005,-0.689721774253889,-0.719113088045871,-0.577233278557365,-0.707639067168928,-0.647406802115308,-0.464662755643716,-0.707107459399742,-0.728541713301185,-0.71740335265567,-0.741745059399998,-0.789554910954145,-0.834223276452451,-0.689293071531816,-0.797175021178442,0.858373068113925,-0.703055546454094,-0.588593121364999,-0.872665617985764,-0.720443500587726,-0.685351687923169,-0.806107713508055,-0.828324523703719,-0.76485351661324,-0.842587009673852,-0.706869555689259,-0.863637577085897,-0.647157960472591,-0.781752186534168,-0.738464611444002,"HC"
"Control-13",0.0961195949992891,-0.160001162647953,-0.644503507462432,0.963910866516234,-0.756269311991584,-0.772195782492334,-0.681846703437604,0.801706122985042,2.58330344048272,-0.760355577823592,2.07091468821299,-0.113571366840398,-0.880910950398889,-0.726322969007161,-0.762625725202773,3.12126534263763,-0.869556323229471,-0.781349099017831,0.162560720455118,-0.225351975713175,-0.733358745028835,2.4976101872916,-0.610882420209851,-0.749730347509637,-0.687480423532753,-0.496121785573547,-0.740735174089494,-0.151304590561585,0.598427065293094,-0.77413181344977,0.544709701079742,-0.881733159446549,0.715355118432581,1.39577193563395,0.943082093212431,-0.738195690132065,-0.621652440435158,-0.94496218839165,-0.775113774836322,-0.717419236181275,2.38093144413977,0.562743825138723,-0.78953683987271,2.57316028367744,-0.733962672163952,2.15213572065449,-0.684184108437271,-0.824697092278331,-0.773868624618235,"HC"
"Type-Unknown-3",-0.577625062019927,1.76324875025522,-0.311137538821602,-0.64568702800272,-0.358665420109295,-0.411498346325207,-0.333825486389678,-0.394751350021182,-0.345816516161342,-0.283559531605277,-0.351535061591772,0.321815102921637,0.375083694268797,1.5267863181381,-0.343828736633382,-0.266095823882361,-0.523640070499539,-0.421091413202074,-0.415662637121502,-0.44082401020398,-0.324227619196672,-0.305051841851467,-0.284740997680725,-0.375208863974276,0.985340415080286,-0.203374575746151,1.5244576075015,1.71718873816378,-0.367574701412779,-0.345361824392506,-0.412728980987721,2.13958033810885,-0.443609124989827,0.725307222105727,-0.620349751894209,-0.317231595171459,-0.282361113142553,0.543183592726984,-0.463692820188226,-0.199600474511986,1.67443177232236,-0.514173729580298,-0.366498340626238,1.73702873940589,0.844795975369461,0.391336348683289,0.235082478936241,-0.43430696425563,0.740924827543286,"HC"
"HD-17-1",-0.416709394104651,-0.0795796111816693,-0.142734915881539,-0.476408354274277,-0.102731198287375,-0.174229163979102,-0.14810865951383,-0.211190376110696,-0.0847376213016006,-0.0237786160733926,1.06248419415716,0.592569669853319,-0.426663672984939,2.63036780741988,-0.0857025526971938,-0.0042692503810738,1.44882211574938,-0.192921134128919,1.91473541615355,-0.178561017506966,-0.0761086573514057,-0.0342294547136388,-0.120977581361992,2.49093022867143,0.418895945960998,-0.0961445014613691,0.949341158717939,3.14209690834909,-0.111017221064218,-0.0468486705123258,1.0677865119155,-0.339583829318168,1.19282688078134,-0.194420118727219,-0.414660081821387,0.901122608718074,-0.13605861306553,-0.49997440351189,1.36748271820995,0.0392347679224809,0.883318388223483,-0.287127268356644,-0.121731426551961,2.25204959242829,-0.0296856568834716,0.692095658581944,0.420060306249727,2.46759904435116,0.97133427214674,"HC"
"HD-18-2",-0.484915489748789,0.936811113404025,-0.214114449992663,-0.548159213344843,-0.21121208295414,-0.274798640862028,-0.226827033061455,-0.28899496472081,-0.195399139251754,-0.133889969435325,-0.272234254078689,0.475692918132016,-0.487397149062229,2.51470402398015,1.05608528275426,1.15388678037486,0.622250798736533,-0.289633928347355,2.64776265218344,-0.289724429967388,1.67566354629549,-0.149020872348758,-0.190390730380692,-0.23111971674349,1.16284940687057,-0.1415952943975,1.7813546301556,-0.178533289267195,-0.219762281564398,-0.173377162040599,-0.266851321628178,-0.430754835531642,-0.362045754566885,0.92448398073797,0.985514839621761,0.81280485627613,1.20333802498996,-0.55401290698484,-0.385715706779987,2.96566597421591,0.749412412060265,-0.383363718483038,-0.225478909740855,-0.417040077712369,2.07753595515341,-0.455716992679848,0.800039672337869,1.44269034330805,-0.218496622785789,"HC"
"HD-21-1",-0.365987843112615,1.10663228594352,-0.089653433280699,1.15301087324109,-0.0220592484957495,1.05065851687023,-0.0895696395010524,1.41473340871629,-0.00244404075638814,3.07510219118819,1.60610775987467,0.68125344550664,-0.381499145171323,0.00858711742018796,-0.00433968374526943,0.0782600028045649,-0.23591686434225,-0.121000539976643,-0.104646719750086,-0.0958942024618948,0.00209987720814548,1.36387459918512,-0.0693584035712143,-0.0462824581284357,1.02562021799737,-0.0623449606759467,1.01660025349706,3.00549103060695,-0.0301488165733779,0.0472444053981048,-0.079719763371337,-0.271784392963107,-0.257416432497035,-0.114687926118467,1.23391982426826,1.97626519187775,-0.0899432172556794,1.44959826909921,1.4644789829456,3.30936187790848,-0.177552156055407,0.884986238266466,-0.0445794768740819,-0.24407927571607,1.14374414104125,-0.293149752728125,-0.21783060923025,0.935735193271572,1.0424848683926,"HC"
"HD-24-2",-0.30108609961951,0.0855231550608615,-0.0217319935649831,-0.354775960138095,0.0811661081832502,-0.0037433132346316,-0.0146649020295271,-0.0792956711550178,1.36836659378277,0.162882668606353,-0.114992464209838,1.47984887773421,-0.323707998374439,0.0999749902146972,0.0997697519344105,0.183861908033638,-0.147682205904355,-0.0289731499964913,2.2832493091675,0.00988372271017089,0.102173123188983,3.34588047670728,-0.00330808431287762,0.0545877826096234,-0.149275457885278,-0.0190961032704541,2.1369729700791,0.0971150733321503,2.71509765639626,0.167643024087305,2.4008738832444,2.43309198896568,-0.200317636591244,-0.012665053954168,0.726178013734855,0.0408492976164702,-0.0309353688875635,-0.404824334153626,-0.231098606833117,0.210845885268548,-0.0831400045764394,-0.123986784971934,0.0541417954460978,-0.149690309625902,3.43898723886434,-0.204432809223761,-0.161061520801756,2.60654557193838,2.22768052206861,"HC"
"HD-25-2",-0.296485873890119,0.0920919870306054,-0.0169177322255983,1.28613503596326,0.0884827057993221,0.00303969187333062,-0.00935566560498505,-0.0740480658345724,1.37583026630822,1.42952791505631,-0.111057578025525,-0.215100190172648,0.344801617825875,1.20476131961149,0.107149012935891,0.191346955050268,0.918984972577445,2.69251351062409,1.14375051271768,2.77907809750849,1.3119567708134,0.168107714540478,0.00137355229244824,0.0617374499652164,1.14819394122496,-0.0160306308209399,2.14307307964371,0.104013016522859,0.0806623327323268,0.176176859908469,1.25695711533031,-0.17888119409224,1.43762245231209,-0.00543368825801224,2.36248867236414,0.0468059733843584,-0.0267529015501832,-0.401038662769978,-0.227229402018372,0.217673660596876,1.05820677474326,-0.117496025021585,1.24758145811574,-0.143000034033772,1.24191915164153,2.21695922533839,-0.157037736429143,-0.0458844888521074,0.0458265151408847,"HC"
"HD-26-2",-0.466715226982107,-0.150984784101993,-0.195067380009893,-0.529013058203038,2.40464262506978,-0.247962463123211,-0.20582165121688,-0.268233419234524,-0.165869979345566,-0.104507616643305,-0.256666330519219,-0.430588739032872,-0.471190896338018,-0.133246689324444,1.86628509407464,-0.0856339555524694,-0.372856888334243,-0.263826876190913,0.893586393718212,-0.260061343439506,-0.153213612390937,-0.118389681036766,-0.171868374868737,-0.202832882092168,0.37613095289673,-0.129467106050407,-0.151278899589178,1.01834512634657,-0.190744513328433,-0.139614024427475,-0.238213375544614,-0.40642656612819,-0.346033656382543,-0.273027231888484,-0.478579794547532,0.836371757243347,-0.181523286973215,-0.541125786438617,-0.370407643987218,-0.0349851969395701,-0.324079637631883,0.742863371350075,-0.197794705893867,-0.390570773612718,-0.100321398974539,-0.430838282236452,0.372254842227962,1.48613761318463,0.901187662758546,"HC"
"HD-27-2",-0.267928762814674,0.132869739086943,0.0129680611902885,-0.319895391506052,0.133902409767631,0.0451469800126356,0.923815586156995,-0.0414721756867088,0.15665268765311,0.216411597289024,-0.0866307371605873,2.02375425527563,-0.294183359812369,2.34328123878142,0.152957716349578,0.237812352974816,2.3069306596221,0.0180422767179917,0.0394580599900838,0.0639240936259306,0.153299058234048,0.21616956638752,0.030436042791327,0.106120890438889,-0.120919300275359,0.00299909562925878,0.112321037178215,0.146833813039551,1.36978658233954,0.229152890168796,0.0745752976713004,-0.140708937980674,-0.171146709816374,0.0394569161514253,2.42856498647148,2.77775243358714,0.708373201072992,0.957800136994987,1.664604504454,2.57543910790175,-0.0349062386316149,1.02334422081056,0.104577027227972,-0.10146838875186,0.180474432354458,-0.159108640445734,-0.13205903668009,-0.00642992597851662,0.0858855322714158,"HC"
"HD-29-2",-0.475187848080501,0.950701571685825,-0.203934208421512,-0.537926012927214,-0.19574039873103,2.37298318257516,-0.215600116708155,-0.277898373558391,2.83919970562777,-0.118185745655922,-0.263913540040259,0.492183124662168,-0.478735262071485,-0.145176951556277,-0.179508335333717,1.16971466785936,-0.38437551308074,-0.275840624420325,-0.265123879190197,-0.27387016015723,-0.166277709742514,1.18009009638309,-0.180490937197329,2.0487945706842,-0.298167289837303,-0.135113043463081,-0.162513982395978,3.13981004530093,-0.204252920241901,-0.155331504760371,-0.251544966923966,1.16232165887136,-0.35348763892364,-0.286345843880938,-0.489409881269096,-0.18458913241055,0.519935849192304,1.00870914801121,-0.377533882627627,-0.0475604827417886,1.47827845122972,-0.369638351367141,-0.210682309364927,-0.402892814632095,2.09127673594831,-0.44241986705782,-0.313347068492595,0.77669348140819,-0.204850993044032,"HC"
"HD-30-2",-0.257503227394945,0.147756745593908,0.0238786675531284,0.491493369819461,0.150484084686518,0.0605193691442028,0.0356351889469666,-0.0295794777289726,0.173567679841033,0.233242494934577,1.89935102601118,0.821621544982165,-0.284900039897525,0.161343849793974,0.169681405896098,0.254775786375868,0.971982323856192,0.0328251586898028,2.87725514243337,0.0809158021094481,0.169374391721058,0.233715827892948,0.0410460804551888,0.122324249717257,-0.112003381386285,0.00994640506158103,1.16045581208946,0.162466687443623,0.142814699196639,0.248493203634546,0.0909797817751905,-0.126773137293733,-0.161974606154737,0.055845429157774,0.785870225756273,2.80746183874882,0.00868963003018191,-0.368958608882039,0.920252050950548,0.27553272396237,2.66486863605444,-0.0624928544134769,0.120435185512488,-0.0863061534059122,0.195201023007872,-0.144857534280408,-0.12293989580185,1.08561775948572,0.100510145414899,"HC"
"HD-31",-0.510014896851496,3.16552879796222,-0.240381662160977,0.148170894725568,1.65163108693814,1.83157746176117,-0.255794891219522,-0.317626555864405,-0.236121870312728,-0.174410243445434,-0.293703485384418,-0.485400572931106,-0.509746679942574,0.904091997986777,-0.235374698836314,-0.156087034127802,2.00325363530512,-0.325223618260034,1.64582901888468,-0.330631854999127,-0.219978205767203,-0.191263380088136,0.577865144260065,-0.2701291963132,0.333251213366123,-0.158320895595909,-0.20869624079208,-0.216169330300737,2.048439683839,-0.219938837928471,-0.306345007876105,2.33591115111331,-0.384127533058183,-0.341092532542708,-0.533927387016816,0.780304488061211,1.15027731506601,1.57497268173345,-0.406826572316107,1.05843841883225,-0.387067390667096,0.664130020276409,-0.263657320216456,1.94903731461129,-0.161484350124989,0.514933306435834,0.759399708357138,0.7064295950071,-0.25370528154812,"HC"
"HD-32-2",0.394333638974233,2.25726486718626,1.79052211749709,0.376971155483166,0.018983199587631,1.08870777823473,-0.0597874823084787,-0.123894455878471,1.30493371270989,1.35898383062647,-0.148434602314566,2.67603257419448,0.294176155537816,1.14323174744728,0.0370542745450234,0.120247367656652,0.859578394683398,1.02158414509606,1.07953465898667,-0.0538368520015669,1.24457951580135,0.094565293979578,-0.0430967670289431,-0.00617640519878488,1.82100439447288,-0.0451491955864656,1.05081881289394,0.0384902598008468,0.0109935792838392,0.0951149501541617,1.18820027680492,-0.237290930813356,0.98179222970222,-0.0741235864171197,-0.316840438305948,1.00021418686259,-0.0664816702959443,1.72761604412715,2.0524124140798,2.46819765645249,0.994641018040892,-0.179150995700481,-0.0053278547505992,-0.206550180491479,0.0784118738485249,-0.257875856225971,-0.195259194225969,2.52799525576351,2.17283678723502,"HC"
"HD-33-1",0.680634942971216,-0.559595231767686,-0.494535761926628,1.21966064711777,-0.592827306279629,2.45213324757939,0.258022422773714,0.187195892152796,2.67715103286655,1.78493554563637,-0.501433682262748,2.003156665379,0.145829798938697,0.462818655771338,-0.60526447647479,2.47142355628784,1.60988827792261,-0.60236093697745,1.45755343608331,1.02806268658849,-0.560849326682946,1.28522608316,-0.463086910815089,-0.586119119585837,-0.535640789835928,-0.320153072089708,-0.530732737270266,1.20533590368682,-0.592304704042593,-0.630464915218198,2.31886546270963,1.21436208284375,-0.587092502632092,0.360824583268617,2.14372157385394,1.74257419148299,-0.441691283192817,-0.278830063364821,-0.595508787778086,-0.459703068596472,1.78271305628845,1.56076852583906,-0.633060798694969,0.179091753830338,2.3138254005261,2.12100628018226,0.651670278183948,0.271436060093912,1.02487636344351,"HC"
"HD-35-2",-0.640295133137199,-0.412053790447759,0.369295046929151,-0.0310489051133214,0.654640013035178,-0.517543480224388,-0.41682980064003,-0.4767921269334,-0.462503167541386,-0.399666063855421,0.219063780585972,1.10194536912509,-0.624321676871616,-0.390688161907133,0.689658254442066,-0.38311664289798,-0.621415692762888,-0.523069881525997,-0.521353711751651,-0.558039882498695,-0.435121955627698,0.805058587304038,-0.357933450402946,-0.486986375562416,-0.44727732180289,-0.251300005728722,0.627427084003355,1.5012629346484,-0.482240550923351,-0.478779350684299,-0.525893935273945,-0.650814558856634,-0.506882110900528,-0.560427711229412,-0.704103263906232,-0.410357940993904,-0.347749580608261,0.102200821104398,-0.524183758368596,0.851344574516392,-0.590040563991287,-0.615649918538859,-0.475894512183115,-0.656466386266336,0.743205827972491,-0.68075569338083,0.149536948142214,-0.533671340062052,1.28257849397468,"HC"
"HD-36",0.89990168822721,0.0739811414431825,-0.0301910727732952,2.11414377517966,0.0683102047732541,-0.0156616478313016,-0.0239936958537049,-0.0885161737265014,0.0897419780596725,0.149833540849755,0.545277068101816,1.46147480596958,-0.330905429558761,0.0885933519884856,0.0868037434629742,0.170710024259971,1.71151835736633,-0.0404344350404214,1.12511161230114,1.2679598042033,1.29240026142289,0.146761741956064,-0.0115341302370947,0.0420251903009854,-0.156188040155171,-0.0244824070943008,0.0576344658992871,0.0849947824482147,0.0604407070398466,0.152648326443596,1.23700017647842,-0.195834846544825,-0.20742884093685,-0.0253711974091542,2.09579929984322,0.0303828961092339,0.67087800598759,-0.411476090639903,2.34776119917633,0.198848885470001,-0.0948982928419751,-0.135391619207451,0.0418468401919571,-0.161445710334266,0.122220392413812,-0.215481804288704,-0.168131662683466,-0.0634076592057929,1.12218841465755,"HC"
"HD-37-2",-0.516735664417262,-0.222410811408845,-0.247415128205072,1.10742574208369,-0.261821646009873,-0.321717296599608,0.596451746990154,-0.32529312218315,-0.247026032669399,1.0739584856147,1.57642053914877,-0.493908203511073,-0.515731124182075,-0.203680257475601,-0.246155538933172,-0.167022423862318,1.21178853473914,-0.334753326777131,1.62680547827776,0.876540606048835,-0.230341086478728,2.92485726094937,-0.222774031392203,-0.280574608189927,-0.333698986346212,-0.162799442742151,-0.217608285748377,3.05991826640504,-0.27049509051307,-0.23240647112133,-0.31692007383289,-0.473288824832967,-0.390040282314429,2.65509041396844,0.920544863677259,-0.238387986062548,-0.22700123916096,-0.573138585500109,-0.412479344104694,-0.109226838268075,2.15387576651778,1.38256442953436,-0.273880200055273,-0.463317315057845,3.27359048999599,0.502458508209421,-0.349688644738279,0.693078482035494,1.63222364301032,"HC"
"HD-38-2",0.0911366732749878,-0.319386414355469,-0.318488021876117,0.0511668046339342,-0.369836505973233,2.3036563937375,0.494877044260284,-0.402763468862593,-0.357212158100015,-0.294898518992584,0.759398635513836,1.25047217626755,0.0170015535909938,1.50882241589145,2.4487306509033,2.03413797212528,0.440928729422359,-0.431050651013181,2.33889258912094,-0.452271335964064,2.27297078579931,-0.316872770366041,-0.29188898739482,-0.386125078329471,0.972318429914933,-0.208054982916807,1.50542435719097,-0.328081250773424,2.73852209993397,-0.358391406953895,0.744282931451013,0.93352995773163,0.585310083344647,2.36628049737944,2.43244104509433,-0.326326332911375,0.420415372556193,2.95849773883673,-0.469600377427086,-0.210025219517073,-0.495636783420863,2.39014967857537,-0.377181992833068,-0.56208578902902,2.48182936581916,1.76276107521298,2.43405516251837,1.20855743941859,0.725603468923289,"HC"
"HD-44-2",-0.556809936049539,-0.279634341763212,-0.289353943379002,1.51826243262845,-0.325559240105984,-0.380806568554845,-0.309802225035937,-0.371006957416686,-0.312044850821853,2.65694438580168,1.47076489596792,2.41227090456769,0.651003631525135,-0.260108671277038,-0.310439017008833,2.75282470341325,0.490705004531898,-0.391576617264946,0.75016970393539,0.786695526256248,2.46903389934809,1.82727664129177,-0.26355750334374,-0.342858010905911,1.75474567797422,0.330265267239083,0.763561436982741,2.35265418200013,1.51706209171452,-0.306747878452165,1.56822727764448,2.30921251417531,-0.425296540988707,2.07996957307517,1.50093221827139,0.719711184070224,-0.263436262577413,-0.597417280336117,1.72712539881377,0.988983997914833,1.72856788607848,2.99138168429999,-0.334836699371255,2.20515794635515,1.93443013591731,1.84089590026233,1.87317473754599,2.02800171146717,2.02703282872715,"HC"
"HD-47-1",-0.410867190795059,-0.0712373136225155,-0.136620891226075,0.280546412149225,-0.093439251908653,-0.165614870415742,-0.141366025470314,-0.204526012452483,-0.0752588924532911,-0.0143470116550502,-0.208895703828155,-0.359892281247847,0.212837317323838,-0.0546073038135137,-0.0763310249545966,0.00523662368368093,0.763482271330955,-0.184637185295211,0.975659047563251,-0.169039298809407,-0.0671004517562397,-0.0243969786909821,-0.115031987715322,-0.116033906413893,-0.24316025756885,-0.0922514070039399,2.9935615967942,-0.0674993988457156,-0.101702646665025,-0.036010853672301,-0.150337004214087,-0.331774563163743,-0.296900066923237,-0.185236415342178,0.537985350428751,1.83580788422537,-0.13074695534304,1.69359516807277,1.19613543177789,0.0479059188543622,-0.24283785630971,-0.278884120847288,-0.112844920383798,-0.309348943348301,-0.0214332522643724,0.703421267662091,-0.257086251992277,0.873729795029963,-0.114623998260224,"HC"
"HD-48-1",1.25384433835983,0.109981585335965,-0.00380654261151193,1.31042504529275,0.108408773769393,1.17161163031005,0.00510354226948198,0.830006143746727,0.130646590207439,3.19966737405792,-0.10034128424016,2.33075187797265,-0.308456078335812,2.91762026201897,0.127245738763931,0.211731779177413,-0.124395802541218,-0.0046857898879576,0.0159025602524497,0.0378000480644031,0.128583901142044,0.189192918603882,0.0141235508715676,0.0812088990138726,-0.134627154992086,-0.00768210386966479,3.35122995813159,0.122798918397496,0.100636925247789,0.199417962062909,2.90735928672665,2.27253419517302,-0.185248437973025,1.24038153590897,2.15693530784995,3.01783822774738,2.11212466621478,-0.390728741511333,-0.216691985288039,2.55164870312183,-0.058223271394228,2.0382856809189,0.0801957679832895,-0.124779695403353,1.25961597948087,-0.181019123851576,-0.146079336758579,1.04906835790521,2.8052602442472,"HC"
"HD-49-1",0.115908732290449,-0.290325883512583,-0.297189716365633,-0.631666647289377,-0.337467857838274,-0.391846702117672,-0.318443627822844,-0.379548048378678,2.2451511795812,-0.262043369778197,-0.340134954698072,0.904709681630623,-0.558081971619664,0.827657115965889,-0.32244962672452,1.0247242295939,-0.505520882279956,-0.402193378915685,0.733141513328272,0.770247020732563,-0.303677350041972,2.29629972374883,-0.27117741407545,-0.354494930129617,-0.374373736769634,-0.194493324302723,-0.2806772427302,-0.297564730976767,-0.346325518216128,-0.320637693625425,1.54786641386914,0.406056655868491,-0.431883757107809,-0.42642230288154,1.1983954036363,-0.29997398280246,-0.27024371698618,1.63788137022934,2.14967823864627,-0.179819122538102,0.592069807308209,0.554057785925834,-0.346225702344246,-0.532487991264113,0.863622048365268,2.91635625937077,-0.391290501362721,2.00912385481876,1.50487053174109,"HC"
"HD-50-1",-0.333337830820475,3.9422956612735,0.760802478630782,1.68891187511446,2.19020255587461,1.09880076318166,-0.0518874376439547,-0.116086117146052,2.58154980686869,1.37003442238069,-0.142579565145342,2.69527318006265,-0.352426248947887,2.25117900446845,2.34551271602367,1.40051943939874,-0.191528801286655,-0.0747044737641101,-0.0566652088530125,-0.0426806773510985,0.0524435588341407,0.106085569177769,-0.0361305791767347,0.00446216632620062,2.9726563292003,-0.0405878298207423,3.23224614553463,1.21834176906982,2.14353006501727,0.107813138510448,-0.0283452692974402,0.811140579063873,-0.22869183608633,-0.063363449286844,2.0371403229646,-0.00091237170546607,2.06722877291616,1.55431172366983,1.33224634243015,0.162977022403261,2.5529213779007,2.91681634469012,0.00508406960818446,-0.196595175332637,0.088080849601881,2.78694397095415,1.05476792859171,0.980844516809252,2.18243880804315,"HC"
"HD-51-1",-0.404343195593928,-0.0619214602777527,-0.129793352813237,-0.46339946763149,-0.083062924627383,-0.155995278818138,-0.1338365182259,-0.197083909837978,-0.0646739849719427,2.86006075178712,-0.203315286671788,-0.351633739268292,-0.415652307881497,2.44491828283862,-0.0658658290721603,1.28498630580338,2.28438011558254,-0.175386490039743,1.95099490250602,2.72758504704136,2.90118978232076,2.89192928574342,-0.108392536405046,-0.105894317997722,1.32649187570293,-0.0879039839150999,2.00004934158337,-0.0577168031816985,-0.0913010506471193,-0.0239082510567842,2.49139064040805,0.678711847161277,0.395058716882349,1.05114031420641,2.44623553172835,2.74798563758066,3.04669511194754,-0.489797867276411,3.74685908386361,2.86079226975156,0.901307418165914,-0.269678988477973,-0.102921348655158,0.834515356140311,3.19990389881032,1.91290691216956,1.86070968416702,2.53814923121813,2.48386314923323,"HC"
"HD-53-1",0.345077308744166,1.08753731709621,-0.103648032430379,-0.437118136133521,-0.0433279008513396,2.42139203105637,-0.105003084076338,-0.168585182271323,-0.0241402258645279,0.0365175134699517,-0.181945682342818,1.30366125922585,-0.393406488967448,-0.0102425283036705,-0.0257904925934865,0.0565016840865335,1.53921676493652,-0.13996195244013,-0.124298437340173,3.05196877587154,1.98053495491013,2.53586148339914,-0.0829674752516401,-0.0670658601171037,-0.216215528303884,-0.0712559970969188,-0.0354422224237434,-0.0202554104591408,-0.0514692629752594,0.0224373575236294,-0.100761140143312,-0.289659288084222,0.417038025899954,1.09041245994242,1.20557976134274,-0.0605052507373456,-0.102101251420641,-0.469238619613659,0.74696250420364,2.41004956404907,-0.197004927085249,-0.23442892902611,-0.0649201033308971,-0.263527269605972,0.0230718630343143,-0.311429077597044,0.975759431180358,2.15987594545669,2.03676317779424,"HC"
"HD-54-1",-0.398258875578903,-0.0532334353459386,-0.123425946440624,1.09213564897241,-0.0733858948605879,-0.147023985632079,-0.126814451192114,-0.190143356925946,-0.0548024319648528,0.00600774753404719,3.21755685170866,-0.34393176973704,-0.410234582374864,2.45970782476174,-0.0561059198745686,0.0257516674543659,0.780623419267806,-0.166759231962365,-0.152071292889185,-0.148490060041703,-0.0476594481387467,-0.00317708090934191,-0.102200541277748,-0.0964380724238441,2.65618798260818,-0.0838495490944525,-0.0605026489184545,-0.0485934913516791,-0.0816004550934783,-0.0126212857759343,2.76524821328621,1.74082042693027,-0.285807612722532,2.56099470824587,0.559179122823194,0.925013557352409,-0.119283633829476,1.4010792932107,1.88270424969203,0.0666195100189433,1.67063942846879,2.69235519528939,-0.0936665616377675,-0.291012211954968,-0.00362337588468637,1.92981552619897,-0.24605784931899,0.891149469033812,0.997216079159272,"HC"
