"","ENSG00000049768","ENSG00000094963","ENSG00000096696","ENSG00000100448","ENSG00000115423","ENSG00000133063","ENSG00000134121","ENSG00000159899","ENSG00000165138","ENSG00000172232","ENSG00000175445","ENSG00000178038","ENSG00000179593","ENSG00000196533","ENSG00000228486","ENSG00000230063","ENSG00000254977","cancer_type"
"VU280-GBM",-0.531086941991458,-0.579207759455052,-0.597077557188391,-0.591511624664076,0.617717797900304,-0.591962981377504,-0.514863338065323,-0.547336351664868,-0.568319080977251,-0.440898891988603,0.459809130837856,-0.517535465499268,0.558080330546352,-0.578101156809064,-0.476082669998753,-0.43023640706834,-0.477588412163681,"GBM"
"VU284-GBM-vIII",-0.696662452220312,2.28313663247941,-0.689459360770471,0.124316723559108,-0.691343382438585,-0.68721473904143,-0.692275229194386,-0.649647833133539,-0.684617012600958,-0.542917193864964,2.34664409985967,-0.610864523064197,0.743735268955802,0.709190744096611,-0.559513297135119,-0.652443181665525,-0.679309893325848,"GBM"
"VU306-GBM-vIII",-0.706399232214253,-0.691015681270612,-0.704561594876561,-0.716546922507703,-0.703591027305936,-0.700853276733446,-0.701468114176128,-0.664783651068841,-0.69670910481163,-0.554625119359445,-0.682753950837774,-0.624748264278887,-0.442162216999962,2.95816891322225,-0.569368350578649,-0.664410575205696,-0.689315172404498,"GBM"
"VU360-GBM-WT",0.0778163376873366,0.0735431639068475,-0.0106626806225625,0.0162419190578667,0.153936577684854,0.0919063136060806,0.168836154368702,0.0949308056385167,0.151764452272275,-0.00841236155609734,0.0474023431354135,-0.15358382816396,-0.0271556478987337,0.0660507231422463,0.0214758870616052,0.202029168426781,0.12657933645981,"GBM"
"VU372-GBM-vIII",-0.594799368541765,-0.607201931826745,-0.625583629553802,-0.622201850373895,-0.606305169044227,-0.619113957009159,-0.586402045685953,-0.575253578206324,-0.617787215979276,-0.486152000690477,-0.600223715614319,-0.555617444584385,-0.332885272580827,-0.606666827813102,-0.519368131464666,-0.496393340991013,-0.540805337729508,"GBM"
"VU378-GBM",-0.735541281004734,0.711977032817656,-0.751932375690635,3.29008091327288,-0.741022925333511,1.0264496285134,-0.728889274445084,-0.712451144094631,-0.733662250748666,1.57839134421698,-0.728844313837286,-0.668745250896938,-0.476186726412339,-0.0756963552595147,-0.599233666763198,-0.699675343443128,-0.719355268615324,"GBM"
"VU383Platelet-hiseq",-0.726946739521435,-0.722430629895467,-0.73760144489096,3.08393080412312,-0.729858285014975,-0.730385024280177,-0.720817005752429,-0.698000035436615,-0.722641039132682,-0.58020967151327,-0.714914852970814,-0.655356139790234,-0.465834216844231,-0.724856889185477,-0.590368486796655,-0.689167584447502,-0.71048096476121,"GBM"
"VU393-GBM-vIII",-0.201771665607528,2.81616162970077,-0.301514956785998,-0.282793431056116,-0.162075180620694,-0.224142103746045,-0.145095766057428,-0.209247269689725,-0.178873801758719,-0.2069956990598,-0.259338171307864,-0.320698236928764,-0.154239114016667,-0.248360358874116,-0.206986346815928,-0.0882860190657112,-0.150834269493991,"GBM"
"VU394Platelet-hiseq",-0.716626578691965,3.38936093640943,-0.720800184034217,-0.735619197687068,-0.716592187351654,-0.71542109262061,-0.711107579832608,-0.681091408979508,-0.709544626023077,-0.567204459090429,-0.698568212421499,-0.639748909283037,-0.45376367428524,-0.708283486438999,-0.579786630286977,-0.67667024802317,-0.699841426482705,"GBM"
"VU398-GBM",0.31142840371996,0.335784208663585,0.23236134166774,0.266103376393855,0.417982813139735,0.355983179830219,0.431144564100416,0.349089309515064,0.428031977070655,0.15751558673632,0.303701914184722,-0.0139500032670055,0.0790299921449266,0.328759500299371,0.212369394070456,0.44460442184081,0.35837456682983,"GBM"
"VU402-2-GBM",-0.710809266387484,-0.69764332720662,-0.711515125612064,-0.724693886221996,-0.709179697215339,1.55427033300106,-0.705626754070925,-0.671762621307772,-0.702226645022852,-0.0131377587654719,-0.689527502220671,-0.631162117828245,-0.447122483147385,-0.699116150940307,-0.573852346991069,-0.669681924499193,-0.693851962105727,"GBM"
"VU406-2-GBM",-0.722259850236039,-0.715142373365545,-0.729917702112487,0.421145827488996,-0.723814850454739,2.03167436238021,-0.716409682157622,-0.690262688474563,-0.716674997532695,-0.574263215859025,-0.707441086632431,-0.648206947460794,-0.460305286901846,-0.71727980767056,-0.585554172030395,-0.683475918965157,-0.705646804459449,"GBM"
"VU408-GBM",0.254765626003914,-0.659168096763814,-0.671264751503288,0.712007703714234,-0.674919026986483,-0.670671334871867,-0.680904508271192,-0.631452447067408,-0.669853422799716,-0.528800140632346,-0.650286684265831,-0.594215614403269,-0.392906127090498,-0.659316871943067,-0.547431604913969,-0.630842547530863,-0.666978383095847,"GBM"
"VU417-GBM-vIII",-0.698380368908901,-0.6791171582691,-0.692099529755182,-0.702018967018732,-0.693495296951062,-0.689605190752903,-0.693898290873695,-0.652291726038487,-0.686741626249094,-0.544964600927442,-0.670608358426632,-0.613287272908376,-0.425507380410951,-0.679929453899119,-0.561247573247951,-0.654882800005742,-0.681074052458273,"GBM"
"VU418-GBM",-0.621827833548917,-0.619098025729261,-0.637700796056646,-0.635278542342852,-0.634083721176682,-0.630633841335367,-0.616750622255272,-0.587134767797705,-0.628570225552468,-0.501293018893597,-0.612217923786152,-0.564776591666136,-0.345170746122165,-0.618813578149537,-0.525385575897207,-0.524458829473029,-0.567623598358246,"GBM"
"VU419-GBM",-0.552236018126906,-0.588491158129588,-0.606529420437125,2.74532550504956,-0.558196813015112,2.38210932978185,-0.538610315790375,-0.556587583334777,-0.593329787893797,1.95124626134788,-0.581368183160593,-0.530176620744284,-0.313538598057706,-0.587571188076752,-0.493364402839245,-0.452196927302359,-0.498573008799383,"GBM"
"VU421-GBM",-0.590419167385304,2.69874366084571,-0.623621066127016,-0.620085597972806,-0.601354330478662,-0.617246948697833,-0.581483791166114,-0.573330020471253,-0.61603829748402,-0.483040869474781,1.64525010245315,-0.552999325359289,-0.33089430323058,-0.604699706566782,-0.518379965101941,-0.491845081033495,-0.536459202046663,"GBM"
"VU422-GBM",-0.694097575423591,1.4155427637665,-0.685536536336125,-0.694404803944267,-0.68813762095876,-0.683658177530246,-0.68985109517884,-0.645721161345877,-0.681451900595107,-0.539874608797465,-0.664209061178041,-0.607268057363134,-0.415053593170574,-0.67343892272823,-0.556927594064808,-0.647721425056824,-0.676676872777573,"GBM"
"VU425-GBM",-0.705646077963032,-0.689889832901179,-0.703381251347335,0.0711200155264283,0.78719743680834,-0.699790430379134,-0.700757577163867,-0.663599612370649,-0.695769373346331,-0.553710376571017,0.103892927075544,-0.623660904239579,1.14963619442679,-0.691080914390554,1.22956397905402,-0.663512574410755,-0.688540692503458,"GBM"
"VU429-1-GBM-vIII",-0.500454064655812,-0.565781863728819,-0.583410267219501,1.43220199134342,-0.499668886308497,2.20443816295651,-0.480467591835769,-0.533968979331271,-0.532092916196066,-0.419141238058735,-0.558499043396546,-0.499225684234038,-0.290001715030146,-0.564410492693252,-0.451051354263735,-0.398428212788426,-0.447193771255381,"GBM"
"VU430-GBM",-0.745468662350683,-0.751995856469173,-0.768894673720953,-0.192069308244375,-0.754055884483496,0.895294336242311,-0.73819767567336,-0.729589536488494,-0.746526937519512,-0.604406969704012,0.245465016141925,-0.68469304282095,0.402912654001875,-0.7556691281152,-0.168265204051422,-0.711929613791341,-0.729621597996104,"GBM"
"VU431-1-GBM-vIII",-0.700626990163726,1.06523188609166,1.36642647464513,0.594658009216489,-0.696315268052766,1.66174446038255,-0.696020150794873,-0.655766305515012,0.832258630790526,0.0320122473882591,-0.673989342347178,0.738855660896072,-0.431106106954909,-0.683358494631364,0.502354513010435,-0.657544801686906,-0.68338187686208,"GBM"
"VU436-1-GBM-vIII",0.00767588018619148,1.24206145765478,-0.0836290149249672,1.12959808369053,0.074658464739802,2.71830118630033,0.0900798119526815,0.018621417846784,0.0688169790909749,1.88970368718269,-0.0295498857286287,-0.19550794846835,-0.0590371748215576,-0.0128258269105861,0.872077116569608,0.129197573972484,0.0569843716925749,"GBM"
"GBM-438",-0.339202991826619,-0.394581563179039,-0.444483230016342,-0.429784089697552,-0.31741058318785,-0.37949552604701,-0.299408825481413,-0.358765832026044,-0.341398850096806,-0.304609227238859,-0.410116299154115,-0.402843230834837,-0.216706920515097,1.84629559190665,-0.319286829750656,-0.230990286661084,-0.28719677191955,"GBM"
"VU439-1-GBM-vIII",-0.687170013861244,-0.662799886258491,-0.675052466262005,1.05507368629776,-0.679520916684773,-0.674125243510512,-0.683298450567919,2.83089025856852,-0.672944342398389,0.973780973781729,0.212835134100627,1.11008157405399,-0.398710261671578,1.45854515704243,-0.549965342200041,-0.63527843203218,-0.669570605299082,"GBM"
"GBM-440",1.41802866926478,-0.654329819711674,-0.666222317842082,2.70991066348945,-0.668403918338421,0.293261423881794,0.393236655496117,-0.626008498932303,0.365233029579126,1.7067565083136,2.15923362795851,1.52527274460351,3.37603258330995,-0.654324923326775,-0.544043502264805,-0.616033409485445,-0.655128612044789,"GBM"
"VU443-1-GBM-WT",-0.380335199347767,-0.440754491044815,-0.487272605955831,2.22292227382572,-0.363901351992541,-0.425991688028433,-0.345593614336104,-0.403515662384796,-0.390041428172256,0.890912507346156,2.4224978760217,-0.427428636718073,-0.235403085727007,-0.449164231680949,-0.35289755661966,-0.273700647612748,-0.328009088166362,"GBM"
"VU445-1-GBM-WT",-0.237030179148923,0.912146049338027,-0.338193994501517,-0.320504426582029,-0.201927050973326,2.64281144052676,-0.184685350506614,-0.247606808230618,-0.220570202246836,0.553828470024347,-0.29802085602517,-0.34177283803811,-0.170265460133819,-0.288010369826656,-0.235797449838746,-0.124897325162025,-0.185818572349709,"GBM"
"VU454-1-GBM-WT",-0.726883306484279,1.30319260962799,1.9080181938805,-0.755403827971086,-0.729776282491871,-0.730292211155155,-0.720757380993529,1.61491382048537,-0.722560087841195,-0.580128735145344,2.70255521889017,-0.24646338017025,1.86940599595311,-0.0155841381999574,-0.590303234037951,-0.689090372696736,-0.710415513697254,"GBM"
"VU456-1-GBM-WT",-0.535789704134375,-0.581271123800706,-0.599178254983706,-0.593769702258903,-0.539607930297786,0.518619394429204,-0.520143776186538,-0.54939198603232,-0.573880525122672,-0.444239129018957,0.453983589030639,-0.520346384801285,0.832306485663627,1.10116382056672,0.863710799329008,-0.4351196039765,0.593545958531676,"GBM"
"VU468-1-GBM-WT",-0.498957780227813,-0.5651267613671,0.413791899127518,-0.576119175370862,1.40898663965064,-0.560083560739527,-0.47878750743138,-0.532571229566994,1.39939999867344,-0.418078470157154,1.99911226433262,-0.498331330096573,-0.289321596394258,-0.563742628189018,-0.44982868204994,-0.396874519178024,-0.445709123653134,"GBM"
"GBM-471",-0.680847909085738,-0.653753651750764,-0.665622106300796,-0.671451117733442,-0.66763251161477,2.27995519692842,-0.674955435987846,0.846750894783846,-0.662835788864983,1.34630431029534,-0.644779855564918,-0.589068237009032,-0.384352099653103,-0.653730641008975,-0.543639069550457,-0.613966476250535,-0.653153533142057,"GBM"
"GBM-475",-0.547526581891514,-0.586423058065795,-0.604423680374875,-0.599410616273795,-0.552873847766851,-0.598966674673199,-0.533322383747228,-0.554526069886471,-0.587760451026733,-0.452575496564839,-0.579284804526337,-0.527361712225973,-0.311397978742145,-0.585461261200494,-0.489516139287304,-0.447306800231288,-0.493900198547619,"GBM"
"GBM-476",-0.52663654052111,-0.577255632400875,-0.595090167130261,-0.589375875919797,-0.52926232428681,-0.590067414338607,-0.509866259994053,-0.545391845565961,-0.563056076289809,-0.437737899504028,0.465332252298871,0.0703516254106612,2.44784217326796,-0.576110152937542,-0.472446073830163,-0.425615253363399,0.607658745182349,"GBM"
"GBM-480",-0.613391361956158,-0.61538391669001,-0.633917438019203,0.875261188833823,-0.627319262853846,0.415779826463018,-0.607277834805452,-0.583424200777482,-0.62520620544158,0.913303588807392,2.64503928310526,-0.562339145855117,6.48133988367939,-0.615020718389817,-0.523522200623652,1.77165208543233,-0.559252738455477,"GBM"
"GBM-484",-0.481713068795285,2.64122341233168,-0.57506410817279,-0.567884119347164,-0.478486378531012,-0.540590007040103,-0.459424497168381,0.572858919280567,-0.509929983319446,-0.405830046368561,3.33038185023413,-0.488023878698786,-0.281483213934274,-0.556051792382633,-0.435737357493735,-0.378968165637143,-0.42859852689735,"GBM"
"GBM-485",-0.532241590260782,1.54012274871211,-0.597593274557204,-0.592065924990619,-0.535597580459269,-0.592454814218491,-0.516159820547859,-0.547840980832936,-0.569684557618898,-0.441719005528102,2.09972500095265,-0.518225618011478,-0.304450364062238,-0.578617823746562,-0.477026178017135,-0.431435356682916,-0.47873408056228,"GBM"
"GBM-486",-0.39676685728915,2.05986877101126,-0.504366276131487,3.41743665284702,-0.38247366931925,3.48901999201645,-0.364043697574788,-0.421392502693266,-0.409473358829326,7.570367479528,2.14483811779407,0.576782807000508,4.38012258024413,-0.467642475710706,-0.366324503539281,-0.290762752566656,-0.344312954668502,"GBM"
"GBM-499",-0.41570841516043,-0.480462667204792,-0.524070967162631,-0.511611012822411,-0.40388286763036,0.685114435409686,-0.385311990807382,-0.441999991387697,0.798464614105814,0.847800173429732,-0.494051634842899,-0.448571797286404,0.253551913180464,-0.48894323123383,-0.381802387330403,-0.31043105685722,-0.363107201236766,"GBM"
"GBM-505",-0.528768093261679,0.501317917339144,-0.596041970959945,-0.590398667225676,-0.531671568322768,-0.590975285639697,-0.512259647540909,-0.546323080789349,-0.565576831358736,-0.439251880262509,-0.570992912718055,-0.516149450971008,-0.302871526512005,-0.577063678475749,-0.474187848495018,-0.427828589151172,-0.475287597464155,"GBM"
"HD-1",1.43773981768054,-0.526211204359941,-0.563840040692615,2.23279716898742,-0.449946324342833,-0.512046642053664,-0.431072279933156,1.63866550985272,-0.480068962522851,1.11810133733532,-0.538763668612724,-0.472931230541177,-0.270005890973652,2.98936604929712,0.427966528121231,0.800972354162776,-0.403544397934193,"HC"
"HD-2-1",-0.271803768863941,-0.318922617364778,-0.374368571378197,-0.357696768358529,-0.241230823305976,-0.303306928907358,-0.223730444254199,-0.285438773361881,-0.261693136186315,0.5170364573403,-0.336171522979855,-0.362557592095413,0.318962091823012,-0.327115059008786,-0.264212302738767,0.992716104904877,1.96336861240445,"HC"
"HD-3-1",-0.392986949611778,-0.454956703557148,-0.500434080405286,-0.48730910671282,-0.378201328384442,0.718759961339633,-0.359799475139594,-0.417280147983207,-0.405003274061319,-0.342810429419462,-0.469123547982374,-0.434990798686021,-0.241153791254648,-0.463391775220115,-0.363235793932111,-0.286837818044676,1.68007620290417,"HC"
"HD-4",0.775540757607445,-0.390481236300741,2.34171446051671,-0.425877326550229,-0.313282030857857,-0.375366494782962,3.40399965255356,-0.354791881473178,-0.337079209139812,-0.302014824723119,-0.406108871479886,-0.400659955802973,-0.215046631850649,-0.398801309699083,2.07132524308242,1.83180152405792,0.818877450152223,"HC"
"HD-5",2.21181556783076,-0.441981201818855,2.34830219077824,-0.474946138219454,-0.365136507084974,-0.427226986405431,-0.346820640229905,-0.404704564660976,-0.391333751994025,1.46317179553677,-0.456442026168131,-0.428081815619108,-0.235899800758057,-0.450393130412918,-0.353790517986402,-0.274835365776917,0.773356557790036,"HC"
"HD-7",-0.674700469599279,-0.643986425891008,-0.656573499899248,-0.66109412747798,-0.656104196081903,-0.654701476515527,0.44006862854474,-0.612024802391429,-0.65105367049809,0.542350034170358,-0.635946483694056,-0.580828505021659,-0.370852375774906,-0.644241067741182,0.19655739740796,1.1462737604661,0.384553727220025,"HC"
"HD-8",0.319852735183658,-0.643766409029757,0.728173873802048,1.1514360310837,-0.655910087544084,-0.654488912139561,-0.66533917986637,-0.611804581529713,-0.650855356433362,0.831709286180259,-0.63579650599963,-0.580688781870921,-0.370625414211144,-0.644016199476535,-0.537408289961548,-0.582608618462535,-0.623189215811325,"HC"
"HD-9",-0.707291801027214,-0.692352197630654,-0.705963126861069,-0.718186623348406,-0.70472003634619,-0.702114604482114,-0.70231005770525,-0.66618980573475,-0.697823752582923,-0.555711210925632,-0.684119408126806,-0.626039900607277,-0.443161090423797,-0.693631920989908,-0.57027486380836,-0.665475649672845,-0.690233135827169,"HC"
"HD-10",0.500011849290437,-0.587841226294052,-0.605867652823198,-0.600964086653056,-0.556524124927837,-0.600342781161421,3.2737438599059,-0.555939685864363,-0.591579680012721,-0.454869348620621,-0.580713434273897,-0.52929206416242,-0.312865930050016,-0.586908096141662,6.6961112137085,-0.450660254242229,-0.497104625355618,"HC"
"HD-11-1",-0.734530419324709,1.2105689756371,-0.750230192141393,-0.770616223642081,-0.739704147969182,-0.741558078360684,-0.727940491629083,-0.710733312858479,-0.732360448021469,-0.589978667743014,-0.727190510974369,-0.667151022014681,-0.474954262532382,-0.737300851144963,-0.598188495431998,-0.698434639808614,-0.718310846783004,"HC"
"HD-13-1",0.79317669665113,-0.732879130419436,2.27769820855612,-0.768707363920431,1.86169416284911,-0.74015252170072,-0.727050276699731,-0.709126271246867,-0.731140571846485,-0.120708137037497,-0.725642872843387,0.920342414412003,-0.473801743249592,-0.735732092634922,-0.597208616300757,-0.697271907140213,-0.717331230222237,"HC"
"HD-14-1",-0.737691298236782,-0.73942856450134,0.784067839245341,-0.777026138949147,1.14274159357525,-0.746260852205666,3.14261014398085,1.48812659376094,0.455507097951937,-0.594106039094838,-0.732375835409599,0.688011256482156,-0.478821609548709,1.62231725800607,-0.124172753324334,-0.702318536677375,-0.721577249341577,"HC"
"HD-15-1",-0.715702661050336,-0.705069330552334,1.01382827705502,-0.733870122366282,-0.71541181350126,-0.71409456226053,-0.710237475727089,-0.67960027944106,-0.708379315450406,-0.566055736496907,-0.697124171940328,-0.638375301668455,-0.452701285067238,-0.706819276574555,-0.578842661958119,-0.675557673361625,-0.698889789822809,"HC"
"HD-16-1",2.14395048264644,-0.741316062830089,2.63720413177565,-0.779432011749483,2.58325480349615,-0.748019173656866,0.888363295734049,-0.718140234380544,-0.0451673438430719,-0.147216408719449,-0.734317433876553,2.05860702210793,-0.480272053182435,1.60713864188417,-0.130769680576761,0.00533421748382215,-0.722794079699239,"HC"
"HD-20-1",-0.212974774633509,-0.2528841752116,0.777697416621365,-0.294775796502669,-0.174737791820272,-0.236806183875956,-0.157675038021265,3.29777596538392,-0.192122497569769,-0.214952945989504,-0.271629283177819,5.09402459565154,-0.159331356564772,-0.260958830873257,-0.216140843018518,2.94601286775072,-0.161950250280618,"HC"
"HD-22-1",-0.446959526701771,-0.515543578390533,0.476589092567333,-0.54503586285563,-0.439205265554456,-0.501304337245265,-0.420401913643878,0.617346671064993,-0.468830757516557,-0.381145602480867,-0.528337734096628,-0.467251107438944,-0.265686396699374,-0.524086712635505,-0.40733888628513,-0.342881205645997,-0.394115268251742,"HC"
"HD-34-1",0.470900547651984,1.77126623273223,-0.614715927981012,-0.610489198473149,-0.578878190042004,-0.60877121498386,1.40901918443921,-0.564604677826563,0.559811862212741,-0.468916752682273,-0.58946852554584,-0.541113416618025,-0.321855570472795,-0.595774720100009,-0.508316104701733,-0.47119659326847,-0.516728331271833,"HC"
"HD-39-1",0.889705643485551,-0.721165677968546,-0.736267020001347,-0.753940340151556,0.982486396706339,-0.729200640700167,1.74794202967469,-0.696655757700651,2.60447254583033,-0.579177106185478,-0.713617151303984,-0.654113113494757,-0.464872946274384,-0.0105051620072653,-0.589535440060282,-0.688182004372308,-0.709645241049391,"HC"
"HD-40-1",3.1875924905541,-0.696563466419724,2.09658829024924,-0.72336375644965,-0.708270824414206,-0.706086127493959,0.181161001885798,1.9021697941103,0.168406269506264,-0.559134722859406,-0.688423458941861,0.671909490910387,-0.446313098662928,-0.697996588021889,1.86908554742036,-0.668824800777059,-0.693115382207793,"HC"
"HD-45-1",2.99184278252571,-0.723066922798622,1.83232699447552,1.16213235174414,0.567891217975346,-0.730980637312726,0.0487146656071337,2.64106531695404,2.52561316817374,-0.580729149918251,1.40141485531259,2.96878591608327,-0.466318020329437,1.28088886207516,1.02400239216825,-0.689662987811296,-0.710900825763016,"HC"
"HD-46-1",-0.745112076738116,-0.751414639831765,-0.768277486833498,-0.792369904780504,2.37206771474115,-0.757410868548277,-0.737863618288517,1.72792653508087,-0.746062296162653,-0.603930040755842,1.76000034555795,0.512018292062181,-0.488061579582491,2.03751824605615,1.65168417875822,-0.0445583603871031,-0.115964757946336,"HC"
"Control-2",-0.706700574359163,-0.691466630311692,-0.705034441283119,-0.717099988612076,-0.703972075425873,-0.701278904956324,-0.70175237908073,-0.665258028549506,-0.697085306356463,-0.554991551257217,-0.683214637640448,-0.625183971901828,-0.442499164558859,2.98702832486294,-0.569674342328561,-0.664770054532455,-0.689625073346956,"HC"
"Control-3",-0.693996846654844,-0.672693662774893,-0.685382937930083,-0.694226903364261,-0.688011895336475,-0.683518804535823,-0.689755872319653,-0.64556745334328,-0.681327768689195,-0.539755463992318,-0.664059270353382,-0.607127316995784,-0.414811063053633,-0.673286992129233,-0.556826135389508,-0.647537299484479,-0.676573489728848,"HC"
"Control-4",-0.689643453767415,-0.666369257154969,-0.678777354174056,-0.686588990111494,-0.682590499918154,-0.677516796641106,-0.685638900100458,-0.638960089055339,-0.675975061838447,0.0790143465096365,-0.657616446487277,-0.601080241329477,-0.404468938381824,-0.666751953902727,-0.552447554284836,-0.639670910031981,-0.672106957808978,"HC"
"Control-5",-0.620756838397617,-0.618626483820602,-0.637220450881327,2.02393204515201,-0.633665279489789,-0.630177411894721,-0.61554806863835,-0.586663620112363,-0.628143259310901,-0.500941588646522,-0.6117424033641,-0.564467731033868,-0.34468393776695,-0.618332013399086,-0.525149774665332,-0.523346742564836,-0.56656093249498,"HC"
"Control-6",-0.102780030932797,-0.737943072493016,-0.753995096034807,-0.775135357966478,2.40492831474789,-0.744876376626451,-0.730035415239519,-0.714533321747241,-0.735237151602373,-0.592889982569669,-0.730848147594373,-0.670678610046836,-0.477681276652026,-0.741008287098639,-0.60049738228761,-0.701176164389451,-0.720617432906773,"HC"
"Control-8",-0.743888138166927,-0.749423394960299,-0.766163636612926,-0.789809899401118,-0.751970889755739,-0.755561118680033,-0.73671683727438,-0.726827674989568,-0.744468929081882,-0.602296479788988,-0.74266337729228,-0.682117589064722,-0.486521671540779,-0.752983238041653,-0.607888995465061,-0.709970071614693,-0.727985967830393,"HC"
"Control-9",-0.736147097421768,-0.736960125203319,-0.752954674568925,-0.773885522376533,-0.741814005282353,-0.743959958644363,-0.729457802961273,-0.713483018333776,-0.734443143904016,0.896761196935845,-0.729837463669801,-0.669703236529348,-0.47692729322776,-0.739983858940991,-0.59986036127515,-0.700419527452174,-0.719981281953072,"HC"
"Control-10",-0.719794186936826,-0.711337978864281,-0.725911421960133,-0.741656584764293,-0.720648046905791,-0.719985220621667,-0.714089618910944,-0.686231467263164,-0.713548685604786,-0.571161929881897,-0.703542894356648,-0.644487157298089,-0.457428362534535,-0.713327483999348,-0.583027199446351,-0.680492400737565,-0.703105154317617,"HC"
"Control-13",-0.161850158014073,-0.750940596558513,-0.767774167534475,-0.79176005862687,-0.75320106467154,-0.756970604623004,3.17687252502143,-0.728456268851034,2.50065599314958,-0.603541093721758,-0.744226367274303,-0.683635998827903,-0.487694804238165,0.595788499348171,-0.608859138956428,-0.711126268813944,-0.72895132392894,"HC"
"Type-Unknown-3",1.76234566224793,-0.363633940070852,-0.415803448576876,-0.400297408014774,-0.286249925688273,-0.348331253745246,-0.26845325248931,-0.328772046747276,-0.308795932264365,-0.285027717366386,-0.379869841987243,0.980730936025049,-0.204175727426601,-0.371906128706072,-0.296759081227564,-0.202363465390604,0.842607813262207,"HC"
"HD-17-1",-0.082412230981819,-0.106321292417116,-0.177346670474181,-0.155131693420452,-0.0271660129814661,-0.0892172859250374,-0.0110745058765693,-0.0793900416654416,-0.0377204096185364,-0.122218117006216,2.49230376551516,0.414762526869639,-0.0999856750730977,-0.114134538927351,-0.109453109525377,0.0356529777224172,-0.0324031108823665,"HC"
"HD-18-2",0.931520372364439,-0.215386439917583,-0.27841952450372,-0.259048213141136,-0.136981933077204,1.05693988395667,1.12740713711249,1.67720434236104,-0.152619121868869,-0.191226979336491,-0.234981116678604,1.15868466219832,-0.144147917122344,-0.223394214722542,1.37257867048673,2.98006148007525,2.07609392567117,"HC"
"HD-21-1",1.10093083569435,-0.0252148548156605,1.05367190102731,-0.0778540395077115,3.09676955844434,-0.00754306176892958,0.0700527664997758,-0.00078338855871601,1.36169044089944,-0.0708995875327,-0.0491181609669781,1.02158007755336,-0.0671443668165653,-0.0328834401086689,-0.0504131818546435,3.33509221222859,1.14173692137381,"HC"
"HD-24-2",0.0822912374251693,0.0785664591602082,-0.00600749242059332,0.0210280801021758,0.158994451834408,0.0969647744959696,0.173860740015634,0.0997992777242231,3.37153919843897,-0.00523396865490498,0.0523118279183356,-0.150909106018678,-0.0251216344127791,2.72360135472162,0.0251325017175793,0.206675760344494,3.43836924627292,"HC"
"HD-25-2",0.0888441828022949,0.0859224629451154,0.000809463443230839,0.0280368297339094,1.42224123726443,0.104372274070457,0.181218633424688,1.31574129810048,0.164805882561,-0.000579599554172565,0.0595011701376555,1.1444995930317,-0.0221430695173104,0.0784521018639603,0.0304871683044708,0.213480127997522,1.23997135373341,"HC"
"HD-26-2",-0.153644711877393,2.40728619264555,-0.251449024513298,-0.231318903218704,-0.107678414339885,1.87139944054665,-0.0910570132114059,-0.156887497508785,-0.121959299828615,-0.172812504562947,-0.206537313002793,0.37218568598437,-0.132363568493803,-0.194239125423034,-0.16765994071363,-0.0383125386912057,-0.103081606216208,"HC"
"HD-27-2",0.129523314656765,0.131586791070279,0.0431275098285993,1.25992087936847,0.212379760211325,0.150356275852917,0.226894691888748,0.151185468035511,0.212912657434584,0.0283136207385996,0.104130902762438,-0.122677706358195,-0.00365284456555562,1.37367688654804,0.971643395320268,2.56316244348008,0.17788418060554,"HC"
"HD-29-2",0.945377236842496,-0.199831427372676,2.37372337788408,-0.244227504556186,-0.121319844372728,-0.183382039662075,1.14296614545841,-0.170018097314209,1.17773415620016,-0.181384846044071,2.05115478620573,-0.299145861923453,-0.137849440983722,-0.207811458300382,0.730393647158642,-0.0508447126168979,2.08984302326038,"HC"
"HD-30-2",0.144374317227442,0.148257772565201,0.0585768418817896,0.0874294824729744,0.229165499869874,0.167143962746637,0.243569955856869,0.167342632596962,0.230475319289571,0.0388618617968972,0.12042417756266,-0.113801014637105,0.00309750544863238,0.140898592569473,0.0758630013473114,0.271140833024672,0.192619684728079,"HC"
"HD-31",3.17590261466912,1.65346773321015,1.83372294285212,-0.297288827979629,-0.177393489534309,-0.239462189665081,-0.160313257206237,-0.223991954342017,-0.194901113340612,0.572554301832987,-0.274207067268455,0.329753928190816,-0.160399339833088,2.0503548447885,1.32075380325981,1.05136249079354,-0.164281577074036,"HC"
"HD-32-2",2.24878063437295,0.016048642138133,1.09191160912785,-0.0385384644297569,1.35188642549937,0.0340093007726314,0.111326863298626,1.24802106089309,0.0911947224908489,-0.0447909080341639,-0.00878955192310542,1.82041417604006,-0.0504361095773379,0.00845365430391287,-0.0203761842051452,2.4562886481053,0.0757598473490969,"HC"
"HD-33-1",-0.561266943106483,-0.592458315230723,2.45244554958178,0.383300751962101,1.78000389554255,-0.604821864898802,2.45457465318077,-0.560543026919136,1.28090815492964,-0.462334880931908,-0.58536505162393,-0.535574555100469,-0.317643499681281,-0.591618979024371,-0.500743922956353,-0.461574349251026,2.3184653774154,"HC"
"HD-35-2",-0.414082327898628,0.653415008623789,-0.522379366751461,-0.509871819552625,-0.402044939361973,0.687504779549604,-0.383486158901651,-0.440230887964891,0.80116105664111,-0.357793871401008,-0.492267628242718,-0.447599857832095,-0.250742449423701,-0.487114612518408,-0.380473648171614,0.844978626702869,0.740956177047977,"HC"
"HD-36",0.0707771379433834,0.0656413156570812,-0.0179854814715543,0.00871309258767788,0.145980335421469,0.0839491483762359,0.160932276277235,1.29608523679853,0.143439958067637,-0.0134121031831867,0.0396795233960774,-0.157791275155692,-0.030355234045547,0.0581347811778608,0.923639609014926,0.194719889883428,0.119594881615593,"HC"
"HD-37-2",-0.224897996723572,-0.266268578983495,-0.325573020669821,0.807123770320654,1.06762581514983,-0.250284285321287,-0.171062880004072,-0.234407587033054,2.91087961942368,-0.223421668568936,-0.284710442721973,-0.334521230425675,-0.164750918107631,-0.274367107030615,-0.225883771619224,-0.112299657257813,3.27189944835119,"HC"
"HD-38-2",-0.321639066056746,-0.37486519183684,2.30450474948862,0.678589521900305,-0.29755849010848,2.45109541055431,2.01219985180506,2.27389909621298,-0.320627909705785,-0.292134074664553,-0.390846632491735,0.967685345793172,-0.208723442901003,2.73784346263185,0.579995994920006,-0.212752471222313,2.48922282841859,"HC"
"HD-44-2",-0.281983133080494,-0.330349454824161,-0.384958050244911,-0.368584180216547,2.659441842977,-0.314813760074557,2.73988387522075,2.46929371278976,1.82775652745875,-0.263967603179933,-0.347339467883396,1.75320381169534,0.314335180538301,1.51794934491305,-0.272530257232373,0.982146180601066,1.93902309933012,"HC"
"HD-47-1",-0.0740901091073765,-0.0969793009180926,-0.16868926006614,-0.146230708402911,-0.0177597139436667,-0.0798098957064705,-0.00173011458912336,-0.0703359800298239,-0.0278787432595877,-0.116307152596224,-0.119256673302867,-0.244380842858792,-0.0962029516343408,-0.104775885078201,-0.102652779998976,0.0442944013308505,-0.0241457113832243,"HC"
"HD-48-1",0.106690515461372,0.105955849923257,1.17523041716988,0.0471245025670293,3.21346925902793,0.124545905005875,0.201257166617129,0.126344499067743,0.185910794795144,0.0120961385314303,0.0790806699597516,-0.136325250934559,-0.0140312271453859,0.0985212203355642,2.10186295978228,2.53945359939067,1.25767889281828,"HC"
"HD-49-1",-0.292648817543656,-0.342322210701742,-0.396053442630826,-0.379991739375239,-0.26479149260368,-0.326870331368159,1.00043875882776,-0.308117166972449,2.29685265016179,-0.271543132861082,-0.359040962584757,-0.375017025063671,-0.195546263546928,-0.35055638779553,-0.281245602918058,-0.182649929863777,0.861445280994536,"HC"
"HD-50-1",3.96284829650966,2.20011401452632,1.10205511216556,-0.0281095758465943,1.36290736806378,2.35647659785957,1.3698500786538,0.0498165662924762,0.102725765597634,-0.0378652937196395,0.0019080550583142,2.97869831680301,-0.0460040606292797,2.15219401023846,2.00691259449091,0.158971006393921,0.0854346753814379,"HC"
"HD-51-1",-0.0647967859731284,-0.0865470881930629,-0.159021519838139,-0.136290968126432,2.87392094742325,-0.0693046521555747,1.25627958533307,2.90225679848287,2.90441658216166,-0.109706371794644,-0.109060818382424,1.32295050692026,-0.0919787799898633,-0.0943250654874646,2.11675718536536,2.88135688521662,3.21011846053498,"HC"
"HD-53-1",1.08188204765857,-0.0465980571505786,2.42216202360966,-0.0982278070957311,0.0329683395793473,-0.0290759574591478,0.0486640712074596,1.98720501547626,2.54543371741891,-0.0844293951745349,-0.0700168940054437,-0.217554661713691,-0.0758027712559686,-0.0543047814639805,-0.0659786875846019,2.398339904919,0.0203863412413055,"HC"
"HD-54-1",-0.0561297728609945,-0.0768179393008425,-0.150005322928763,-0.127021102216983,0.00254043259374228,-0.0595073942439898,0.0184364261167916,-0.0507960124800856,-0.00663901141009136,-0.103550441033258,-0.0995520983036873,2.6606157138825,-0.0880392902614005,-0.0845785637122544,-0.0879766905684963,0.0629438366548231,-0.00632505533381946,"HC"
